,bitcoin,bitcoin,ethereum,cardano,ripple,solana
,date,price,price,price,price,price
0,2019-09-01,9607.289264302583,172.07296929356409,0.044880548452087936,0.2577589803875106,0.9576058280146803
1,2019-09-02,9729.266231867814,170.72754514461607,0.04449442698498823,0.2569747981261323,0.7847113148208426
2,2019-09-03,10323.022660378076,177.71647895327314,0.045354229791424734,0.26035708366907917,0.8759944068917709
3,2019-09-04,10620.165189356907,178.82647784328285,0.04659907826217568,0.26296075290134663,0.7867121945458646
4,2019-09-05,10573.515179027892,174.77627554812665,0.04542015426529244,0.25897657043811234,0.666673390515131
5,2019-09-06,10570.249940786205,174.1938100520476,0.04442465942246261,0.2561608213480815,0.6376210673084666
6,2019-09-07,10350.748325717243,169.42286694793444,0.044309504591709646,0.25213140606196255,0.6923331250859114
7,2019-09-08,10461.547731202416,177.85258889110943,0.04582084104840284,0.25942470593802425,0.657449398309544
8,2019-09-09,10404.333900445994,181.4839320522675,0.04652576544236705,0.2620627186965279,0.6769721852162044
9,2019-09-10,10321.931613525778,181.01465623196765,0.046812260518715954,0.25912465321417905,0.6094358389483635
10,2019-09-11,10121.102297214318,180.1493915298145,0.04655343816464846,0.25889724260052593,0.5347904942320182
11,2019-09-12,10150.71002363705,178.08294980618456,0.04489760105784981,0.25574011427357424,0.5728269210770057
12,2019-09-13,10401.319919342226,181.010836085851,0.045334945419827265,0.2543574196134629,0.6848872198147996
13,2019-09-14,10355.626898620032,181.2119450035023,0.0457576836247777,0.25533469834850253,0.6217032788666345
14,2019-09-15,10349.551958231765,188.30568158376607,0.04645326282841542,0.2609641208796706,0.6227650900853694
15,2019-09-16,10305.675020156998,189.25504633546134,0.046636019949772525,0.26076181400840165,0.6470903181859691
16,2019-09-17,10268.421696882157,197.60691638393752,0.04709648472001802,0.2609455043474798,0.6398628040694914
17,2019-09-18,10203.071046816189,209.21116304181604,0.0490035399925224,0.2846462475817335,0.5683154806973284
18,2019-09-19,10158.854517376085,210.24907372866744,0.05279343380477617,0.31161326516629345,0.6574283212299112
19,2019-09-20,10253.232374680329,221.74292599489385,0.05251209982657775,0.3025226060199861,0.7411890135877649
20,2019-09-21,10178.442572698175,217.95344382394939,0.05198235510108807,0.29426474512387574,0.693089721323073
21,2019-09-22,9997.199887816778,215.34523960456264,0.051766192682133796,0.28907727996575444,0.7169539321663891
22,2019-09-23,10041.304200624943,211.61753840452246,0.04922405448984773,0.2791021043909529,0.7124378933182761
23,2019-09-24,9699.504938095957,201.00337752581868,0.04640457934734447,0.26844230961089144,0.6866098174679662
24,2019-09-25,8702.713528026236,168.67357964603033,0.03874491604487104,0.2366457898689468,0.6728297405546847
25,2019-09-26,8446.244115548528,170.28886769224317,0.03913445205612641,0.24519565769447127,0.6503081490988862
26,2019-09-27,8098.80982048931,166.21680322909975,0.037974121649869325,0.24256592697918897,0.6194003582280405
27,2019-09-28,8183.482347567026,173.90494900595044,0.039139464635006165,0.2422231186683567,0.6089398899298076
28,2019-09-29,8225.11037185192,174.07970541243265,0.038690642111289586,0.2420720435365249,0.608939662026112
29,2019-09-30,8064.380983385267,169.6894747522977,0.03732373212854544,0.23971394512701386,0.6017917957668725
30,2019-10-01,8271.290855465355,179.75716197925505,0.03879046631773576,0.25526830768228254,0.541777928609612
31,2019-10-02,8366.503905663569,180.63244082835516,0.03934729078058104,0.2529608156546108,0.5139234956267317
32,2019-10-03,8350.132163242944,180.57893058773016,0.03932802690767859,0.2528556507739294,0.5333426539131136
33,2019-10-04,8176.354679406582,176.85852555342686,0.03965059921433246,0.2522759168526039,0.5533191018747785
34,2019-10-05,8156.519553840962,175.86315365350248,0.0393397803771123,0.25187451812908623,0.574281421724847
35,2019-10-06,8140.242484268429,176.2772565733896,0.0396685902386144,0.253062915509938,0.5564341957677822
36,2019-10-07,7890.234349864658,170.44710628243018,0.03887955039979462,0.25429168654304485,0.5989661106774994
37,2019-10-08,8182.251593084191,180.14424760253544,0.041318057854402464,0.27404731181340763,0.6159337448626931
38,2019-10-09,8180.69113018462,180.78979326727546,0.041191998033769994,0.27688640983111695,0.6477344448774962
39,2019-10-10,8573.060086448735,193.33993781390976,0.04248072351463662,0.28087008491486865,0.6219357513498963
40,2019-10-11,8561.51932921772,191.04108656991255,0.04162496906474528,0.27140043712616724,0.5795859352817158
41,2019-10-12,8277.848351085042,180.55244905183102,0.040235605666570064,0.2678099641647878,0.6055660983994974
42,2019-10-13,8308.470967433434,179.94653567610214,0.04041952993851232,0.27198566863407597,0.6149832258209792
43,2019-10-14,8289.497236618896,181.2872472944888,0.041190202085297556,0.2766027264822885,0.6082201706733519
44,2019-10-15,8347.350350085451,186.61606753146776,0.041645500694088976,0.29589976050882405,0.5465741722754689
45,2019-10-16,8175.8631121051185,180.74563079187547,0.039663940953829815,0.28804793955697866,0.6022304108336682
46,2019-10-17,8010.3021797941665,175.05406935469742,0.03857763166375929,0.283363566680175,0.5731399463825178
47,2019-10-18,8079.931459479744,177.4769186344818,0.03930643410932984,0.30125493573300094,0.5884004926151261
48,2019-10-19,7957.314093995798,172.88626058117322,0.03805061129764288,0.29466321158463643,0.5721700884660958
49,2019-10-20,7949.802268609832,171.85241043187662,0.03897290606281899,0.2914877406912295,0.5774323126967125
50,2019-10-21,8208.362621758712,175.21210857661558,0.03948039340525086,0.2938813587229984,0.5858132380721703
51,2019-10-22,8220.91853113097,174.35449608806442,0.039207768181643655,0.2922858993183195,0.5756770028863081
52,2019-10-23,8045.294246807262,171.4265472158501,0.038693172114020916,0.2908430268443793,0.5789755237865244
53,2019-10-24,7468.5325324369,161.5840435929357,0.03637923320687698,0.27381810772019327,0.565814320391003
54,2019-10-25,7433.915345679171,160.67839136074096,0.03734878480981196,0.2760423928385034,0.586205470714686
55,2019-10-26,8652.030029867461,181.45319156222183,0.041097604308284304,0.2971700043832714,0.5867553687536804
56,2019-10-27,9217.236031536286,179.53527008259897,0.04061350545407733,0.2939846775607903,0.6569611049457513
57,2019-10-28,9502.020114436129,183.58089983827585,0.04207839018309533,0.2967535004127484,0.6254174646400334
58,2019-10-29,9239.897283779665,181.86179987269554,0.04224665417638333,0.2948471211335502,0.6193745553415636
59,2019-10-30,9407.163351459427,190.50596091786502,0.04331050537060143,0.301284781710241,0.6676807419152483
60,2019-10-31,9171.874474054188,183.13375148673262,0.041746574591392444,0.2951265556427586,0.6554185232956307
61,2019-11-01,9151.824594459767,182.75570124695298,0.041361454729798124,0.294531579012004,0.6503617499580121
62,2019-11-02,9233.413801605904,183.064191451962,0.042176822419817434,0.29165658626780633,0.5719983046317773
63,2019-11-03,9302.83461784109,183.21568174708486,0.04245679316407893,0.29529726364440956,0.5933564822995189
64,2019-11-04,9204.286350451268,181.8244399622803,0.04176896482416645,0.29054260422075967,0.6088102028493066
65,2019-11-05,9378.953914330921,185.76433086001398,0.04308818459413177,0.298872721216486,0.586183105523133
66,2019-11-06,9300.373963047077,189.16575518025138,0.044165155155295795,0.2996909057585615,0.5703312716454458
67,2019-11-07,9340.048651574896,191.3004004540056,0.044783257163617994,0.3090009497240582,0.5850988389924333
68,2019-11-08,9221.073784983802,186.81653195658674,0.04347433198846476,0.29173271465291817,0.5818481709972113
69,2019-11-09,8795.896069400225,183.6736227613274,0.04220330628010057,0.27667504282700345,0.6199980008389199
70,2019-11-10,8809.78367388588,184.95814543107952,0.042399051627971224,0.28006076959509285,0.6860916859440122
71,2019-11-11,9043.673292397065,189.04498222352015,0.04384750361343306,0.2798215930424,0.6445979846649201
72,2019-11-12,8729.917418490728,184.839873654298,0.04315162007716826,0.2746914080805309,0.6727477930583199
73,2019-11-13,8806.751998954014,186.8659398462863,0.0436903214677948,0.2721772769946853,0.7271729644769215
74,2019-11-14,8770.78082523136,187.84288849379362,0.04333044842113522,0.27187109935630743,0.7067336276588002
75,2019-11-15,8652.025288272329,184.78830689468228,0.04284484530888767,0.26856549757644416,0.7362452622406327
76,2019-11-16,8480.435541874604,180.16871140792335,0.04395462414292063,0.2615442322498581,0.7126894105564204
77,2019-11-17,8496.376959145864,182.63065416042576,0.043909482514101976,0.26237988779723864,0.7407208653820945
78,2019-11-18,8508.499434051764,183.9879638750186,0.04503353305919832,0.2634004405345416,0.7133553688193407
79,2019-11-19,8202.834446107912,178.3855993731378,0.04327868283242252,0.2530251620546223,0.7987604659546775
80,2019-11-20,8138.831605359057,175.8204845763924,0.042139784236259845,0.2543407625786477,0.8531268842862817
81,2019-11-21,8095.865638011639,174.80445727797053,0.040953342204618375,0.2503667127922819,0.8592955544373364
82,2019-11-22,7632.494765498649,161.15147727923085,0.03845543217357254,0.24354349554680102,0.8324592358815799
83,2019-11-23,7293.013949172297,149.92569206419535,0.03710515425629251,0.23166707238611148,0.7746114788082067
84,2019-11-24,7309.689243566324,151.96608493452732,0.037901251811856156,0.2336667887350819,0.7674704652113047
85,2019-11-25,6935.73862740252,140.24681084120735,0.03513730599011359,0.22040516534837126,0.7811871083546776
86,2019-11-26,7118.264883393205,146.34618694453036,0.035956369261980266,0.21869284569131184,0.6921876621707542
87,2019-11-27,7157.684731054473,147.57506848968612,0.03667455706244554,0.22021257541061043,0.708409297313418
88,2019-11-28,7483.754192176799,152.615068348219,0.038830680754972834,0.2241536255514911,0.7534772552866666
89,2019-11-29,7438.621769308849,150.91034572010813,0.03908387074181357,0.224247140002094,0.7956141684819489
90,2019-11-30,7720.865011260837,154.25530586508248,0.041182255001463566,0.22920653638723604,0.8504783390765865
91,2019-12-01,7556.397585815771,151.73585404476006,0.04038258414470136,0.22612316595208198,0.9136373735709605
92,2019-12-02,7405.808478752477,151.02315688624967,0.03952578207954416,0.2246781041456338,0.9215341890095095
93,2019-12-03,7308.982444423794,148.86726798663648,0.03806227948306808,0.2195849101640445,1.0175269375576679
94,2019-12-04,7286.080951511441,147.12795176955626,0.037745739603044205,0.21925213614089303,1.1787532874584385
95,2019-12-05,7209.971417454778,145.40170953026762,0.037181515915395924,0.21486021288219878,1.1483561946452148
96,2019-12-06,7373.782498577651,147.79749210977155,0.037522206612805455,0.21955436751663168,1.2935475055510521
97,2019-12-07,7530.922830404948,148.60569815279229,0.03815189761484911,0.22469071553602393,0.8689184704805727
98,2019-12-08,7493.545154556748,147.1457864691915,0.03843096604389336,0.2265675612675488,0.9818241501710889
99,2019-12-09,7508.315669139108,150.2924488050236,0.038668513328333716,0.2288273452266773,0.9673182706042267
100,2019-12-10,7347.036951245358,147.42926132729735,0.03737145064010286,0.22425809466687757,0.9224383437804942
101,2019-12-11,7233.950487171398,145.56867918491014,0.03640527577039115,0.223029837562323,0.8730589788162091
102,2019-12-12,7197.426825880834,143.12297867633916,0.03654126732327265,0.22121757155908783,0.9763920314535465
103,2019-12-13,7200.7070180298015,145.02592545573296,0.03644246147404853,0.21866369382763226,1.0447246666635182
104,2019-12-14,7247.350277010915,144.6187808332106,0.0369820831989132,0.2202734548796847,1.055806292137335
105,2019-12-15,7081.740255265727,141.84486515951662,0.03629930549531227,0.21616494400791345,0.996204458635239
106,2019-12-16,7108.563021778046,142.21086918955265,0.03639416759474578,0.21759116379788443,1.250866425449966
107,2019-12-17,6901.036915336086,132.72274321129302,0.03415195726700481,0.20673040283397381,1.597026052950196
108,2019-12-18,6627.162514553135,121.770107290006,0.03178175156971633,0.18560999708994821,1.7769558120449132
109,2019-12-19,7274.768503792503,132.74136111736684,0.034291358200694386,0.19550694359326068,1.7839631352797094
110,2019-12-20,7152.558691632884,128.0791538700726,0.032983787593688675,0.19003622481374205,1.6571919291258759
111,2019-12-21,7185.439179630756,128.2701941791178,0.03389300095412184,0.19412847133390698,1.688418732306239
112,2019-12-22,7141.554857046259,126.93287325611249,0.03304829089300679,0.19314187900428673,1.538097031663773
113,2019-12-23,7488.196174601466,132.17746965077103,0.034285074571728094,0.1964041103252563,1.5331373954293075
114,2019-12-24,7335.207616177015,128.16997170630987,0.033123126636812175,0.19052743643995887,1.7460156741727715
115,2019-12-25,7266.60819662888,127.72559890360142,0.03384022560395813,0.1902105407283241,1.8003636805602121
116,2019-12-26,7204.1848756885975,125.01870585042732,0.033355781449359564,0.1887222986575721,1.897307254698148
117,2019-12-27,7208.489307892152,125.61458431453704,0.03411089125585243,0.18961403378778133,1.7611833194175444
118,2019-12-28,7247.62371236525,126.32718018933488,0.032982446135028154,0.19000943278035307,2.2019224919095755
119,2019-12-29,7307.887522683333,128.0669874384903,0.0336692203576147,0.19309731185296622,2.073120413084232
120,2019-12-30,7394.029285530991,134.3236471998861,0.03411735080217509,0.1962650992171923,2.473401784088845
121,2019-12-31,7240.4289122518185,131.4621363838881,0.033403846673479655,0.19316615940492496,2.659002831147767
122,2020-01-01,7195.153895430029,129.18638529253852,0.03291192895521444,0.19299328680049138,3.135883738986437
123,2020-01-02,7193.7546679601,130.4846850311141,0.03336199817363285,0.1925555238273866,3.264869117899598
124,2020-01-03,6963.853353983485,127.04525801179804,0.032617854913203397,0.18743331904176772,3.7413879301300477
125,2020-01-04,7300.34693530511,133.70264861844188,0.03396737105303003,0.19229914510656726,3.733675412574768
126,2020-01-05,7351.377053166627,134.1368826978575,0.03429831055059213,0.19281164080052574,3.417497219987532
127,2020-01-06,7349.972248050628,135.00571364233375,0.034426974000458806,0.1938156066611448,3.173195437376957
128,2020-01-07,7734.675515785289,143.80639795566535,0.03699861537001607,0.21886937694958472,3.3852267282077353
129,2020-01-08,8147.415237636371,143.019432264986,0.03700031491468185,0.21402337779784072,3.103088944314995
130,2020-01-09,8045.789124592971,140.27393527388705,0.03622525504485451,0.2077455033575198,3.331062075226566
131,2020-01-10,7832.795643840387,137.86055928182662,0.03606813363312789,0.20355935867224603,2.8961310680437595
132,2020-01-11,8180.513169803805,144.6047743464792,0.03704461838827698,0.21267387579066802,3.2065025821939535
133,2020-01-12,8012.085781814529,142.18233327497873,0.03644230426734148,0.21105224358784117,2.9331894135899335
134,2020-01-13,8171.401185320944,145.42287633530452,0.037372044999992096,0.21474449708822158,3.0217655955968654
135,2020-01-14,8110.647964503772,143.58796905036286,0.03694314176800163,0.21157499912373928,3.3299340513884106
136,2020-01-15,8801.871213137745,165.99143854583525,0.04128584833942434,0.23286865448480604,3.3397770443341135
137,2020-01-16,8820.85010599613,166.2530969048888,0.042411480438429544,0.23300283331519447,3.2612416074765753
138,2020-01-17,8720.91950137424,163.80590111423027,0.04149477270942618,0.22853059053530053,3.5510669414297205
139,2020-01-18,8902.568995225329,171.15621787671842,0.04435018182495084,0.23686460613195828,3.430616121799528
140,2020-01-19,8906.902675151074,174.23837318258896,0.044812672747495216,0.24213615589873505,4.011416157428157
141,2020-01-20,8690.380569544623,166.6271059505621,0.04246575287233477,0.235603867808873,3.972282229488827
142,2020-01-21,8631.253954333763,166.93852805776982,0.04320533822872788,0.23289279406637656,4.436663533464179
143,2020-01-22,8724.818622931474,169.27993585839258,0.04564428999104319,0.23685345936131622,4.7944618494720785
144,2020-01-23,8665.436914096897,167.8265296405669,0.045344968823828,0.23499544043382634,4.304353616338777
145,2020-01-24,8415.956027335538,162.51937110634034,0.0433842987518649,0.22724888132389257,4.176224469342381
146,2020-01-25,8432.096675789418,162.40947975163584,0.04445290661489713,0.2225431426290054,3.5139711518755092
147,2020-01-26,8348.665665079325,160.6736108617405,0.0435431200036232,0.22061763237296175,3.5407174542293283
148,2020-01-27,8595.728298493115,167.6474095857562,0.044372587590869254,0.22943058906684347,2.5951717114056416
149,2020-01-28,8879.335548714553,169.7364357354222,0.047306343705102775,0.23047236239936733,3.087153751704757
150,2020-01-29,9320.805853868467,175.19000305345378,0.05221221482241534,0.23759353224638982,2.906438017628754
151,2020-01-30,9276.893821086494,173.70688823620796,0.05318318965574728,0.2347214961660962,2.4742806348861026
152,2020-01-31,9509.80513557522,184.72621843141044,0.05587289917517012,0.24276686561020783,3.6343703512897685
153,2020-02-01,9308.060285564778,179.22910385240368,0.05384876459872832,0.23842652774418766,3.453090001140051
154,2020-02-02,9363.22420680057,183.33693755210257,0.055455548420960024,0.24058383524812516,3.4462085226704344
155,2020-02-03,9338.416631939404,188.55064179431113,0.055766417933093095,0.24945938103026924,3.3326620873211703
156,2020-02-04,9308.91270229121,189.86176346298166,0.056763986623298686,0.2542159606960318,3.22479831179511
157,2020-02-05,9179.95928107711,188.84220736948276,0.05599710396923617,0.2656747180889477,3.2623912097330243
158,2020-02-06,9592.18387389791,203.8593183747095,0.05896099183018863,0.2764575489693778,2.931693208266334
159,2020-02-07,9744.636578159387,212.73341421352782,0.059792837110445723,0.2823097578555551,2.5494654060917625
160,2020-02-08,9799.448455824684,223.27631974791998,0.05977410411537365,0.2795854197829911,2.919199303305689
161,2020-02-09,9890.701658194865,223.30077697426225,0.06015651138174843,0.27737310854342834,3.084079827098842
162,2020-02-10,10148.379719131783,228.29226083217347,0.06153145499449852,0.28228522263887856,3.0147288973338715
163,2020-02-11,9890.121224019967,224.14699652028605,0.060256186685248236,0.2743149002963578,2.8679582577061704
164,2020-02-12,10226.925769215322,236.78534852972567,0.06288978799430087,0.28059588101972865,2.77366022930038
165,2020-02-13,10328.897565836414,264.03276824299627,0.06729185193465648,0.30062527136408457,2.9402155138255073
166,2020-02-14,10221.260309201634,267.6704445042514,0.06836530000108265,0.32323749080237313,2.8355005874806776
167,2020-02-15,10320.157140513991,284.2318914741183,0.07032856354246741,0.33328200848325845,3.130126407105003
168,2020-02-16,9894.136123789158,263.8999463915962,0.06472612654514034,0.3054624254862439,3.191006049537429
169,2020-02-17,9943.673602578743,262.1562443168135,0.06285710908344452,0.2964534198879656,3.1351452155696546
170,2020-02-18,9723.605026422496,267.9356656159883,0.06045176130470179,0.28908812446999876,3.1659948849500643
171,2020-02-19,10133.817417084678,281.9457403055278,0.06254705922733717,0.296577455075223,2.9557751507195418
172,2020-02-20,9618.409248250406,259.1838037480287,0.05818171129947997,0.2791443337343405,2.945119038534579
173,2020-02-21,9608.16918128246,257.9883953048601,0.05777565653662186,0.27234077933160267,2.895851723928607
174,2020-02-22,9673.011800270346,265.1644591338591,0.05865822848701768,0.2741735340187518,2.866125781133827
175,2020-02-23,9658.606058375473,260.99654013152536,0.05839392327180828,0.2750165598980362,2.6289039111067782
176,2020-02-24,9946.716123467522,274.6312157785517,0.06073456267572729,0.2828391709232468,2.5536378078057957
177,2020-02-25,9670.9608064677,265.2421912203732,0.05935885557530342,0.27168308521714457,2.522557078453714
178,2020-02-26,9345.342701734848,248.31738139395102,0.05662502391878016,0.2549377168645062,2.652751429083878
179,2020-02-27,8801.657129472504,224.81050829744677,0.05064465595671338,0.23266378428241924,2.174595988147619
180,2020-02-28,8781.175282202359,225.42971511683754,0.049602674255913366,0.23617604299477746,2.290102499091077
181,2020-02-29,8717.331431359424,227.70528448376498,0.048926399932164466,0.23717611347675766,2.3626573108302025
182,2020-03-01,8552.989118581636,218.34835692985286,0.04736417458731175,0.23037150494861858,2.539492735094531
183,2020-03-02,8567.802248679225,218.93979697447656,0.046172079440448384,0.22917706895795528,2.4055686376579755
184,2020-03-03,8905.876104262194,231.67944604592213,0.048794270674382634,0.23935065416728013,2.418105545958514
185,2020-03-04,8756.718576742549,223.96011601810258,0.04864811457593409,0.23457912088562113,2.5835814456344366
186,2020-03-05,8758.646993191916,224.13487737180202,0.04889845997466285,0.23463668153171868,2.402275768916289
187,2020-03-06,9038.870323233425,228.0809351016884,0.0508706766907552,0.23799885638303916,2.3191536796804995
188,2020-03-07,9135.84506603321,244.23846951978683,0.051380435471976016,0.24386760361915502,2.268549825333015
189,2020-03-08,8902.20195010789,237.38079020191347,0.04923996466792674,0.23709215080017237,2.1410969900561
190,2020-03-09,8041.365538071835,198.81964228768578,0.04328449004181886,0.20384611735996336,2.2035632012257804
191,2020-03-10,7921.33200691072,200.84687148188746,0.04161723666032623,0.20882219538631508,2.2119210242084533
192,2020-03-11,7906.731528510632,200.74903854851766,0.0413982274117634,0.21152859473962587,2.056854398926332
193,2020-03-12,7935.522040170545,194.21794124025206,0.040066910703005464,0.20985557507598007,1.8858859870466809
194,2020-03-13,5142.990459018316,110.5978978308351,0.023715965392713114,0.13782959908786777,1.8809689528028195
195,2020-03-14,5542.819542373153,132.57285770180832,0.028339513929699127,0.15793320292960084,1.9538868465951076
196,2020-03-15,5214.189112383918,123.030844108903,0.026047698238738294,0.14740449415734955,1.9571745339461706
197,2020-03-16,5397.93335743919,124.60342553062202,0.026756995277093912,0.1536465110327934,1.9125348373534423
198,2020-03-17,5032.501351487721,110.99159845334059,0.024346526372750345,0.14233610354273207,1.7910124551194946
199,2020-03-18,5389.41577503409,117.21704138518466,0.025700793838345847,0.14855496359845247,1.6848007548575634
200,2020-03-19,5376.280747845438,117.7004246469663,0.02583792069504759,0.14686144782598295,1.7159415073624318
201,2020-03-20,6170.200600237675,136.81187578973578,0.030025358670093035,0.1630137642312299,1.5185434311695507
202,2020-03-21,6195.603505257629,131.96469397290025,0.029563156863756747,0.1578654199821656,1.4288466908519226
203,2020-03-22,6145.770891252399,131.94321845316688,0.02920966660001919,0.1572388916037732,1.4406457973488311
204,2020-03-23,5859.647430299388,122.5205987665882,0.027299338945898356,0.1506641854751117,1.5355514530581402
205,2020-03-24,6456.347485963419,135.58865798037067,0.029350724334646947,0.15818223865173547,1.600572441974701
206,2020-03-25,6730.173782371188,138.77657127268222,0.030292189964117498,0.16232648779448133,1.4752353298018694
207,2020-03-26,6695.9006183977235,136.23392142176775,0.029553286311834504,0.1616945113158979,1.4126356428447633
208,2020-03-27,6765.56207892991,138.76693759902926,0.030279069890362973,0.17414388125687338,1.3933070455135532
209,2020-03-28,6397.826328325604,130.2865618875773,0.029051152675985865,0.1741474352175186,1.4057083583738634
210,2020-03-29,6255.000398693634,131.42405214081145,0.029258974440926674,0.17685014138047248,1.9259691495315499
211,2020-03-30,5915.337154791903,125.31887451568916,0.02813464997437409,0.16447701662718836,2.032391502844419
212,2020-03-31,6403.141235565223,132.36373895414985,0.029919979067588413,0.17093843850410675,2.155344889638131
213,2020-04-01,6421.70541388854,133.2364468438201,0.030115490879317953,0.17392564111197442,2.0285116039511935
214,2020-04-02,6640.797666310131,136.21638557312852,0.031124362144469,0.17508389119266285,2.252786688117921
215,2020-04-03,6807.897017890566,141.4537053523866,0.03192383119673622,0.17815815095276072,2.000194697094851
216,2020-04-04,6732.852018394612,141.26154326644877,0.03190034091740878,0.17903878936652484,1.896790484098796
217,2020-04-05,6859.424923721944,144.200802681986,0.032559946978819546,0.18002309457934823,2.017595353872823
218,2020-04-06,6788.048272605917,142.8508834648482,0.03190115589416975,0.1781015255131237,1.9198208087780548
219,2020-04-07,7297.635558289496,169.85504979336824,0.03515264045303116,0.19471507618414166,2.0406791308120753
220,2020-04-08,7196.782202442051,164.5160197107307,0.03517699227028992,0.192698794927934,2.2623589978442378
221,2020-04-09,7342.291601148024,172.80356826747519,0.036138737022157766,0.20004763010892992,2.197190778740227
222,2020-04-10,7294.488875121554,170.09510352387568,0.0362387493283838,0.19806941770953088,2.117886192370405
223,2020-04-11,6864.694257006497,157.74015800780134,0.03355089410257256,0.18842873691679146,2.070684202084601
224,2020-04-12,6878.781212589853,158.32787794181905,0.03333771592009745,0.1885856605415796,2.099258903106589
225,2020-04-13,6913.158787469097,158.8638257195104,0.03350282483281884,0.18793418546556673,2.381429683264949
226,2020-04-14,6857.538537511484,156.70135879140688,0.033164582986299866,0.18827236788185847,2.151813535476351
227,2020-04-15,6860.17853570111,158.26715118298955,0.03308764126289459,0.18610888684287522,2.273388487038822
228,2020-04-16,6629.431738031291,153.2228636800284,0.031854947221113185,0.18169801367609822,2.2599141412129526
229,2020-04-17,7059.92622475854,171.7759907508837,0.03421573200401328,0.18856584786352443,2.2646129983306857
230,2020-04-18,7035.261503989225,170.445890477055,0.034226800145962986,0.18890422687848843,1.9019050448221404
231,2020-04-19,7242.5109294929825,187.14354411560592,0.03617135075341797,0.19410552542802123,1.8592629872719064
232,2020-04-20,7127.511949689152,180.05859654051866,0.03576446863266553,0.18984854465276943,1.8903759559939506
233,2020-04-21,6856.456278354705,170.70405868653958,0.03403570805043787,0.18330269141211422,1.9133429784467306
234,2020-04-22,6842.038597634602,170.45154288047368,0.034321463320175806,0.18313346135006744,1.9652469851002097
235,2020-04-23,7109.995291181778,182.2767576620704,0.036251791946901056,0.18768951931615696,1.9821155844306726
236,2020-04-24,7382.793144116689,184.59370248021838,0.03986515874644297,0.1901184454663675,2.1173819608613713
237,2020-04-25,7495.393587498606,187.34336861419638,0.04137631150203629,0.19238168847343698,2.0967513186152114
238,2020-04-26,7538.557687279841,194.11423682570447,0.042297048210688984,0.19442200981571112,1.858485553374542
239,2020-04-27,7683.867415083342,197.22990444623989,0.045321212289281494,0.19693094024713242,1.9786603345404
240,2020-04-28,7774.281554448049,196.46262535084685,0.04626131794267583,0.19789304938794036,1.851301551500301
241,2020-04-29,7758.230255185947,197.15473156634306,0.04683418909009339,0.2133646263583613,1.8306335885715757
242,2020-04-30,8744.430287016561,215.54817266567386,0.05148004627020868,0.22602861693321166,1.6703686172523906
243,2020-05-01,8610.63580374089,205.55600541063674,0.048008344969066724,0.21310049835339237,1.664937350328642
244,2020-05-02,8824.818413551968,211.96829534904975,0.050066837336214594,0.21763942367204323,1.5765078909674242
245,2020-05-03,8966.307014689282,213.94301121407548,0.050944071063612976,0.2229278108306535,1.4496692801969542
246,2020-05-04,8888.671912686868,210.02470947464775,0.049620875210238974,0.2193996373715576,1.4908497129487033
247,2020-05-05,8884.407813577056,206.8325342346069,0.04933056298412934,0.2183355316840978,1.5665711036119
248,2020-05-06,9003.240557621584,205.22517973985205,0.04943354443626274,0.21665867531586175,1.5904572145316247
249,2020-05-07,9144.68703972007,200.25479450009442,0.049848709941183324,0.21316859552060752,1.7529676467046862
250,2020-05-08,9959.166416261767,212.29247620086525,0.05167027721929279,0.2193568557668683,1.779209478837656
251,2020-05-09,9821.81131529702,211.68904835113835,0.051289723792858684,0.21817125944521623,1.677764317256101
252,2020-05-10,9566.777187205966,210.4318181376063,0.051110669967212946,0.21623674329232112,1.6997785608559872
253,2020-05-11,8752.617087745832,188.13722615896586,0.04763232409174676,0.20087033236420565,1.6683085585940913
254,2020-05-12,8604.75159101983,185.67471809740294,0.04778357884916732,0.19388790957730762,1.5633483514359
255,2020-05-13,8788.466749414652,189.30578181851274,0.04986014003783247,0.197123255346823,1.5434205371433634
256,2020-05-14,9283.08601265873,199.36937254304945,0.05190733864530212,0.20180311736508466,1.4928837701687971
257,2020-05-15,9796.494527024528,203.21124699378416,0.0523289773867511,0.20339121602916818,1.206243024482621
258,2020-05-16,9309.29535940684,194.27309778153102,0.04965591623553334,0.1984767930027895,1.3634590117032817
259,2020-05-17,9375.29710843331,200.58339090310048,0.05078955490374222,0.20068503569720783,1.4458848057739127
260,2020-05-18,9666.32719340344,206.76889403683904,0.051874033349081826,0.20066391162784475,1.3282607978532563
261,2020-05-19,9708.439858793108,214.35764164526782,0.05330165179685109,0.20463934825919036,1.3065401279822344
262,2020-05-20,9760.198937162193,213.68672021176667,0.055955048441401,0.20474144959670157,1.5191282501080419
263,2020-05-21,9526.50759300584,209.9207882888633,0.05629641155778893,0.20187100598936145,1.6760685346336837
264,2020-05-22,9059.962506871727,198.9175157507187,0.05255605041329291,0.19501216560766965,1.5378390877377932
265,2020-05-23,9131.767275081993,206.22772963994552,0.05458098672313555,0.19960886868775185,1.5158074963117758
266,2020-05-24,9170.361063506127,206.4112069583191,0.05502897778167245,0.19754927942344438,1.8411408764785613
267,2020-05-25,8731.848525870651,200.69072858230618,0.05165813433464868,0.19419036291235778,1.802628913180411
268,2020-05-26,8883.691769863415,203.81011834234977,0.0534591223816944,0.19685487196537504,2.14770799035378
269,2020-05-27,8839.130663273247,200.96361540675866,0.053489647699239654,0.19413459787001003,2.4217846067950366
270,2020-05-28,9174.118563996424,207.84589389085414,0.05513189797928608,0.19720175798010187,2.1618689571522256
271,2020-05-29,9546.04563503715,219.59156405880168,0.06318170384699415,0.20079689798971392,1.9231854639663055
272,2020-05-30,9427.120373393418,220.49116734603788,0.06440627090487543,0.19790502860899387,2.3674092848829695
273,2020-05-31,9662.70587254818,242.70977026782677,0.07515173911855684,0.20577482926769294,3.2344821232005927
274,2020-06-01,9466.961781429516,232.33100303896677,0.07445057048724268,0.2032687101969978,3.3885883690214627
275,2020-06-02,10167.93069332851,248.04456658448655,0.0807648188667561,0.21087234962022489,3.4737322317991124
276,2020-06-03,9515.243858655718,237.26532012867918,0.07845964190326127,0.2032858789259503,3.1076274895234994
277,2020-06-04,9645.227869360308,244.1253366100756,0.08460175665437468,0.20362470318243275,3.58676467736862
278,2020-06-05,9776.20299178848,243.70782131595863,0.08759318165448617,0.20484984489666377,3.520762208941768
279,2020-06-06,9636.965527050057,240.24696898765103,0.08521898020086886,0.20313854754795302,3.2781934892090505
280,2020-06-07,9662.858709002241,242.02164036721499,0.08617635377316928,0.20320959689430387,3.2557793953909067
281,2020-06-08,9738.603356828593,244.22674439497985,0.08640404204550932,0.20293189504238213,3.451865500376336
282,2020-06-09,9773.02951309516,246.21278326044262,0.08645866868212641,0.2040536556633028,3.81598415593309
283,2020-06-10,9767.00531665552,243.8495266518988,0.08312707196318139,0.20126914749084193,3.7751466399459668
284,2020-06-11,9874.898681832236,247.5419715295243,0.08357072206180427,0.2028000526521789,3.641431311969665
285,2020-06-12,9325.996856202635,232.00078536182022,0.07547795199985105,0.19011049188788876,3.729115837327082
286,2020-06-13,9469.533297509908,237.59341087744238,0.07941430595045662,0.19341171844237245,2.9988114745903562
287,2020-06-14,9469.473456163696,238.29362910089247,0.07896191845138543,0.19278129355715468,3.341360079142882
288,2020-06-15,9345.960907722063,232.11252047744935,0.07649684896822592,0.19038565076060282,3.5015683031312848
289,2020-06-16,9431.719262201745,231.0170115525279,0.07826463754494828,0.19210767925088426,3.63170707484897
290,2020-06-17,9524.92661691022,235.28847948297147,0.07894369694119917,0.1911280314860965,3.7139996330041947
291,2020-06-18,9463.361414311787,233.8636184621818,0.0833565563029465,0.19317215500214915,4.032884053809296
292,2020-06-19,9399.767217129216,231.68485732135008,0.08205913680156704,0.19041681951138753,3.699511535159664
293,2020-06-20,9312.780104497786,228.9592128032193,0.07976738379090179,0.1872217853352464,3.817402068465168
294,2020-06-21,9360.247968201687,228.8691487972198,0.07935360676409624,0.18867538287461827,3.8643485930849732
295,2020-06-22,9298.360829121417,227.79190590968685,0.07834101698016169,0.18540995922524967,4.233485772671465
296,2020-06-23,9678.683208975835,243.36470999245498,0.08360934463584759,0.19003525021647294,4.263968588843047
297,2020-06-24,9624.684291831398,243.07948223903702,0.08276496254414765,0.18829237051161374,4.594574802707021
298,2020-06-25,9288.061774486938,234.5649846444734,0.08250248627891989,0.18392972980810404,5.257321084771443
299,2020-06-26,9258.667161007706,232.64870349961575,0.08162344153345734,0.18352365517619634,5.721470793794539
300,2020-06-27,9166.486360416233,229.6365260272679,0.08063290267381834,0.18277971321724198,6.41624673360909
301,2020-06-28,9013.90556467614,221.0260852973422,0.07745477240605046,0.17589429098928788,6.706647732382283
302,2020-06-29,9139.903276297824,225.12294616525017,0.08032049074677003,0.1769985457927027,6.117657911972685
303,2020-06-30,9185.166540651147,228.20576377381224,0.0837782373441704,0.17759720673089446,6.657339688114339
304,2020-07-01,9149.721996758017,225.59281496891896,0.08310769731892971,0.17570051360531663,7.908749783879188
305,2020-07-02,9230.672998590804,230.66194359094902,0.09609882582963368,0.17673982795801382,7.84013833144138
306,2020-07-03,9094.318072166905,226.57442434030435,0.09324866368231888,0.175210257774019,9.021720125352658
307,2020-07-04,9071.3850427828,225.1764054804081,0.09627543371927394,0.17602967232868488,9.200179305161805
308,2020-07-05,9132.908369533492,229.09471646218861,0.09969379993052387,0.17776145865886417,9.228804888243197
309,2020-07-06,9087.407312582163,227.8993750381917,0.09832563128453738,0.17718496372331566,8.713969623823095
310,2020-07-07,9342.376492626678,241.52685187431663,0.1053035083626078,0.18838913245133598,8.727632198363525
311,2020-07-08,9253.630980242333,238.96448054067793,0.11760844945010313,0.18482483944539824,8.847305421008814
312,2020-07-09,9432.172515827939,246.85900786802029,0.1298804110538667,0.20433609878096115,8.30280602969779
313,2020-07-10,9235.716302064242,241.97512857897888,0.12394192954780256,0.20236856149258253,8.231931006463842
314,2020-07-11,9282.913638839902,240.95495378293265,0.11844083928628071,0.1987890313083414,9.01266263252076
315,2020-07-12,9234.314674712627,239.10202554671358,0.12542533761849164,0.20141619522058504,11.440869401894185
316,2020-07-13,9297.479635872663,241.7715226007061,0.1268783734434242,0.20084690446497824,10.044733825464117
317,2020-07-14,9240.76251972468,239.63878681174097,0.12428834021463325,0.19860646792657077,11.113402936910099
318,2020-07-15,9247.060695963813,240.25147066847245,0.13208128069379993,0.19887149161484804,14.423730533387301
319,2020-07-16,9203.371435179699,238.66359720631723,0.13044721590639485,0.19723002143999407,15.15827794507358
320,2020-07-17,9136.483376363976,233.837074562722,0.12597459085630233,0.19404640279005098,17.471803640467495
321,2020-07-18,9156.276583115488,232.78147743826054,0.12261975823084438,0.19426776570870785,13.811009065584933
322,2020-07-19,9168.402736564132,235.6811447764246,0.12263502818711443,0.19947076313006376,13.668935958977311
323,2020-07-20,9202.615839500108,238.89523167867932,0.12398989746577355,0.19952293195919907,13.310965118755187
324,2020-07-21,9163.159654576915,236.06009844538684,0.11785394775122499,0.19467002770335812,13.030769065831386
325,2020-07-22,9384.379751903267,245.23373502634252,0.12295235527435235,0.19905021723545974,15.030085685643074
326,2020-07-23,9514.304987626969,263.7624639660021,0.1237827759439597,0.20343764059404754,14.010086254280449
327,2020-07-24,9589.81771944117,274.7236202591814,0.12405530009127375,0.20818695285280153,14.131003508942642
328,2020-07-25,9535.93879573746,279.42705624758224,0.12196350601214086,0.2042966234637715,13.115024093723461
329,2020-07-26,9691.825138917147,305.0381394111965,0.14336838253068768,0.21426161557790874,12.63107017877297
330,2020-07-27,9925.751397476346,310.51799095173624,0.14835594634623203,0.21528330980922147,13.068095512982284
331,2020-07-28,10962.258481207355,320.47619130968184,0.13793351401607168,0.22387632064128649,13.917187045269639
332,2020-07-29,10904.916526918994,316.4067660520556,0.14825503834148304,0.22995643899629792,13.640225836910282
333,2020-07-30,11093.612240442404,317.5390729161191,0.13964887973262488,0.2426965515770819,14.866607085296575
334,2020-07-31,11116.307163685275,334.7419220365616,0.1408995400024149,0.24435884316605191,14.233539653620891
335,2020-08-01,11325.5515272739,346.00350607288686,0.13914532295246507,0.25923265617918223,15.976571418630938
336,2020-08-02,11812.094307268515,387.94242117124685,0.14481025934661704,0.2913018478979388,14.598623129754035
337,2020-08-03,11066.306240590267,370.7323024312388,0.13373233004057936,0.28630975029015604,15.318478663846857
338,2020-08-04,11230.907762749297,386.24744771780877,0.13701513906207086,0.31009269952720975,14.567314052136112
339,2020-08-05,11181.917508034885,389.3830083498991,0.1427635983040935,0.3006844248898732,14.163365885178607
340,2020-08-06,11719.26352395155,400.18436250317995,0.14254911094068604,0.3023822645129705,13.689313740219452
341,2020-08-07,11768.127742240009,394.5417454611831,0.143830276386743,0.30336700769757885,14.277756264275158
342,2020-08-08,11571.487980683192,379.1351558498163,0.13864502806327936,0.2938976678070039,14.26867567597296
343,2020-08-09,11739.131006414418,391.47843864211467,0.14572113584329605,0.29388630365412904,14.182866696542028
344,2020-08-10,11682.851469154939,389.62293111291143,0.14490166488746986,0.28776096348798696,14.275804030345455
345,2020-08-11,11862.938012702563,395.20991365718925,0.14330600013150213,0.29418889600186643,14.306229754951788
346,2020-08-12,11398.671060896633,379.17476395275435,0.13709153191550913,0.28398286725502375,14.870337482227853
347,2020-08-13,11579.867951602135,387.50053082397886,0.13654137240996128,0.2823902059280601,14.194567786228824
348,2020-08-14,11817.164038803397,427.49026536796873,0.13934430136552997,0.29433364365567655,13.60393816401807
349,2020-08-15,11777.391322489924,438.7625874702974,0.13825948705473937,0.2995466202839251,12.964522758314372
350,2020-08-16,11864.905810156475,432.6546652389318,0.13823721599011335,0.29931113568183204,14.749054072098563
351,2020-08-17,11901.776488302461,433.43186093211244,0.13876880982976605,0.3032923477695733,16.56643725364522
352,2020-08-18,12272.465808160425,430.03250508972275,0.14066093296166526,0.3146297531934636,18.008069673329885
353,2020-08-19,11949.610970628193,422.10665286599425,0.13702646573422966,0.3029762978947723,18.884890865843666
354,2020-08-20,11733.278970862082,406.5744691821068,0.12943229880582274,0.29012669674711095,19.175755751876615
355,2020-08-21,11861.83657727968,416.46977582279794,0.1342025581766098,0.29225257818676637,19.48663194355817
356,2020-08-22,11515.124298729217,386.8238914189483,0.12261719847765214,0.2791806305823162,19.05545051591954
357,2020-08-23,11676.385305081287,395.88501828908585,0.12531555685950455,0.2854389359353903,19.73831924627352
358,2020-08-24,11647.928120934363,390.7891350477376,0.12160888158106746,0.2851067954158283,22.598963045163597
359,2020-08-25,11758.828120368864,408.2691456317229,0.12369254695958502,0.2889889462508965,24.02282911560326
360,2020-08-26,11350.753473213,383.66214311829924,0.11263109834364941,0.277714277220598,22.942985835974703
361,2020-08-27,11465.002564032086,385.75249987492117,0.1144606140436145,0.27651090847081833,24.989549183579577
362,2020-08-28,11300.398363810944,381.8376513210842,0.10683596306265304,0.2643129566362412,26.674732954277772
363,2020-08-29,11519.118388160729,395.1382132386204,0.10921266508420925,0.2713516293652327,27.00514637240972
364,2020-08-30,11481.481823317012,399.374543834064,0.1166042236595269,0.2743044410353674,27.784698122914115
365,2020-08-31,11701.004008657852,428.2956791635218,0.11720776600238383,0.28231066481099576,26.833966062021243
366,2020-09-01,11672.324104943627,435.6930232991007,0.12213967054745463,0.2824332033877913,27.817769827309405
367,2020-09-02,11895.225345345636,475.6846642626859,0.12445625402929679,0.29461882535601464,28.523980512399998
368,2020-09-03,11418.254756916149,439.35376021531494,0.11549344683669856,0.2750951115567203,27.569507268014537
369,2020-09-04,10197.459822768922,383.6915311779978,0.09505879566939421,0.24528634018368428,26.451516360520532
370,2020-09-05,10484.470392265588,387.9040290939166,0.10313467948399978,0.25549889572209644,27.82949194313198
371,2020-09-06,10177.789718049991,334.46859301354317,0.09043816075003416,0.2371246990690675,25.280265043287386
372,2020-09-07,10260.0177277544,352.99300214607035,0.09296928225595855,0.2394869983145511,25.01097915337799
373,2020-09-08,10359.445216989981,351.8778602923998,0.09317387512933903,0.2419253901835391,32.43000666656829
374,2020-09-09,10125.014956069688,337.84505193506857,0.09125603638991188,0.23644528243717094,31.72514830005086
375,2020-09-10,10230.154699360752,351.2322670832359,0.09325309155180106,0.23911660696787632,31.687792724714733
376,2020-09-11,10342.159391205681,367.63892881000675,0.09706045015866162,0.24300108452596714,32.31362189326206
377,2020-09-12,10378.223044584596,373.9149059897517,0.09691705074914046,0.24245595533237194,39.04180159309067
378,2020-09-13,10439.38467226404,387.72351629002264,0.09766100338612642,0.2462457036617809,37.066889704359156
379,2020-09-14,10328.866065987393,365.695506306262,0.09501920622465607,0.2423228845096534,40.74492271990316
380,2020-09-15,10661.096235144483,376.394561113407,0.09686444656720133,0.24619724094997353,47.66158942345178
381,2020-09-16,10787.58020807624,364.6900450860686,0.09339815141227986,0.24303385677974093,44.4964806617465
382,2020-09-17,10952.249969107099,365.13055081164816,0.09129471151418299,0.24721681201776985,43.21796539788754
383,2020-09-18,10937.996396960929,388.7974562319938,0.09403597862335263,0.25188079438064914,45.039620110247284
384,2020-09-19,10927.150310293275,383.17286599152135,0.09086106367043356,0.2500861615516868,42.5819452001649
385,2020-09-20,11083.99836119821,385.4721234936851,0.09156776201769849,0.25188767319648075,42.995296352215185
386,2020-09-21,10923.32666818137,370.9678951624775,0.08924604426453794,0.24639633759934934,49.663394135648275
387,2020-09-22,10439.522488792423,341.27713087183076,0.08036695005952045,0.23165657547696566,46.93452854649153
388,2020-09-23,10527.58784673943,343.9175471009491,0.08144309751741197,0.2331628823635652,46.08780894588962
389,2020-09-24,10223.784106392732,321.0774351739628,0.07662771823467814,0.220603415902742,42.70189409565587
390,2020-09-25,10726.530083321983,348.8210199785493,0.08260669221175199,0.23269943296881682,44.893093488124
391,2020-09-26,10681.993848113701,351.3315670221176,0.09679112941653688,0.24120724878904104,43.43782697098598
392,2020-09-27,10743.19287975935,354.2615819143104,0.09573509661982581,0.24148169015235318,43.072134333542394
393,2020-09-28,10765.300521660893,357.0664364067552,0.1013519284525498,0.24223482636791577,45.68567329638394
394,2020-09-29,10672.02854425897,354.4295835375506,0.10010350475850928,0.2417008797939546,44.35912616018185
395,2020-09-30,10837.516586513004,359.4260895383702,0.10127070801967165,0.24284379123134617,42.96048600238864
396,2020-10-01,10770.881347466415,359.59898475085777,0.10104054643998467,0.2413448305484734,44.72439581889054
397,2020-10-02,10627.976063963179,353.1978481381707,0.09806671538460612,0.23834728745856992,43.62157836926913
398,2020-10-03,10572.674843011133,345.9125682279143,0.09284100244017128,0.23405931691768309,41.109968983538224
399,2020-10-04,10546.65625537982,345.99246319342933,0.09330816889143195,0.23280858759018197,42.87180002955891
400,2020-10-05,10670.700811335208,352.4588065039611,0.09719180855471275,0.24798473904593277,43.46242757015506
401,2020-10-06,10784.94940309411,353.6044273109067,0.09741456964273908,0.2502197326334,47.17666783643097
402,2020-10-07,10605.95779130622,340.6160218128092,0.0928423176438943,0.24537989393058346,46.861759616729216
403,2020-10-08,10668.011010796896,341.4437964782809,0.09356108675917339,0.24828740607847744,56.202009029292114
404,2020-10-09,10888.666546835811,350.0556765681245,0.09623242148989788,0.2510242903592255,35.758844160586776
405,2020-10-10,11063.2523862591,365.33944481939363,0.10190332726907707,0.2532068473668065,44.52570262534382
406,2020-10-11,11286.541942043945,370.4718109734285,0.10496844022812941,0.25419498847657096,38.43160144697336
407,2020-10-12,11377.814876756858,374.4970150925736,0.10630428637650947,0.2551648551764613,31.614601894528402
408,2020-10-13,11543.183760771468,387.25555835657167,0.10979372195623706,0.25600889580827507,24.76763979126399
409,2020-10-14,11426.105544220427,381.16877389892255,0.10903356749862499,0.2560156485194728,30.98546737051786
410,2020-10-15,11435.57243757972,379.21025376092774,0.10751534652143115,0.2496029200412671,30.00644952590393
411,2020-10-16,11495.584995733887,377.15868107868175,0.106442167300672,0.24566060392770817,35.65025364482327
412,2020-10-17,11319.097785677623,365.9906423831468,0.10407566612724076,0.24008484211029915,33.659342590355116
413,2020-10-18,11365.814131026178,368.6504703636898,0.10605877277799808,0.24089456466337247,29.021948393257702
414,2020-10-19,11495.899975689872,378.0493653237596,0.10747169602209264,0.2423149793877639,27.55720416292785
415,2020-10-20,11752.146863919786,379.6394773321801,0.10882093969874612,0.24607410414943875,28.562287426658674
416,2020-10-21,11908.708923246453,368.2270142350454,0.10227179791615577,0.24348868191330514,32.66212259787656
417,2020-10-22,12806.435726727443,391.16674217757225,0.10578746134929869,0.25074143136061766,30.985238146398338
418,2020-10-23,12951.044060038126,413.2018903361906,0.11035608652226102,0.2565068816779679,34.18804885530961
419,2020-10-24,12928.072296348406,408.88948864371923,0.10793430919151047,0.25459575935136547,39.70667545056023
420,2020-10-25,13106.04601925958,411.95921775305027,0.10797112088057405,0.25607692145127053,37.59916221822976
421,2020-10-26,13021.410842124118,406.157094148215,0.10627152675491035,0.2528741516061227,39.340010888406205
422,2020-10-27,13060.79221208406,393.38290839224464,0.10326744484141924,0.24857321838858923,42.2598870528484
423,2020-10-28,13655.185415883081,403.529837833562,0.10268695013235878,0.25261267174415025,38.19473236980912
424,2020-10-29,13282.999348292438,388.87733988207765,0.09894440345935084,0.2461502127664269,41.41714832962446
425,2020-10-30,13441.878496031612,386.4460129872924,0.09526656084285419,0.24228689266556752,42.07765252553618
426,2020-10-31,13537.174271524887,382.9007710380906,0.09319045908493369,0.23861386233985746,41.205960702125125
427,2020-11-01,13778.637638352931,385.8445887975079,0.09286959263589264,0.23964967955674707,36.09038097242029
428,2020-11-02,13720.361465146289,394.9363420491719,0.09774698991267801,0.23959737006119536,36.568375266883066
429,2020-11-03,13558.361795524168,383.8498034220404,0.09245315428693958,0.2354071291310812,38.820386099134
430,2020-11-04,13989.976358180447,387.616373722075,0.09363108074309147,0.23945068188190569,39.64405780180996
431,2020-11-05,14101.716050813722,401.7330968324722,0.09537743761032992,0.23731496749607678,39.699499977153316
432,2020-11-06,15553.331701081443,415.9277704309719,0.09750582263266826,0.24551217214077564,39.54766089054998
433,2020-11-07,15548.312145063144,454.6515430984697,0.10889010252200101,0.25790509860171873,39.32721784794218
434,2020-11-08,14818.45891122149,435.4183540833094,0.10135335959810736,0.24895241737553578,36.624102572520556
435,2020-11-09,15496.316149147417,455.3583669721691,0.10639524787907102,0.2536826612170206,35.26048477919641
436,2020-11-10,15335.342198178862,445.0512933420698,0.10536606593238362,0.2507418820679295,35.284274899376165
437,2020-11-11,15278.70965979927,449.8161845012962,0.10562814231721475,0.25358971624621984,26.59538136949911
438,2020-11-12,15686.905986213233,463.18087172032307,0.10580327053440874,0.2558078141731928,26.729201466247304
439,2020-11-13,16265.149252483357,462.2056195794902,0.10437917506429249,0.2544774022814587,30.879003728161678
440,2020-11-14,16326.81487507908,475.9690936576015,0.10630123438366175,0.2648847398933393,31.44053281154812
441,2020-11-15,16095.561510630652,462.7183970607933,0.10430680876088493,0.26855016993655373,29.23725923358748
442,2020-11-16,15984.673784156614,449.2068016397434,0.10073652624425576,0.2697450913919404,29.374776218716168
443,2020-11-17,16714.40386322188,461.3711967052673,0.10390459523039743,0.2872437054360881,31.67466281145659
444,2020-11-18,17651.82042768171,482.1983847235396,0.1094852464363196,0.3021307416235462,33.114180869076236
445,2020-11-19,17829.934958345126,479.43766136247405,0.10676304287616935,0.29414452016877635,33.92293267730953
446,2020-11-20,17819.75743096837,471.31795839441156,0.10580308745480436,0.30296022474478607,35.83440251659123
447,2020-11-21,18628.813489036198,508.79221458524455,0.1176356652567512,0.3277601704282896,33.55617113324256
448,2020-11-22,18689.528655825852,548.842116249849,0.13273132188323303,0.46054586530497443,33.95890784245649
449,2020-11-23,18390.61184379203,560.5088874583059,0.14527293189697002,0.4440995477248506,34.46550620541941
450,2020-11-24,18360.693300385865,608.2733109189421,0.15357163877237542,0.6120580566284565,34.4488487549447
451,2020-11-25,19091.524181728702,602.6662623938871,0.1667999803907806,0.6919616416524175,33.120055451168234
452,2020-11-26,18753.288921684914,568.2751530404493,0.155687562647238,0.6327004070529666,34.291237666647795
453,2020-11-27,17138.029512395206,518.4670452162002,0.13746123800447346,0.5308775386405923,36.657274540397
454,2020-11-28,17140.27555252362,517.5530264056014,0.14063947526168993,0.5588811610780686,33.51414390083529
455,2020-11-29,17718.972832629497,537.3926120944484,0.16471768109030216,0.6240390592147861,33.5318526308046
456,2020-11-30,18169.95420978285,574.7511196548439,0.16640238714566252,0.6054386155414733,31.939202343364617
457,2020-12-01,19609.52143957559,612.2637856122055,0.17050059426844394,0.6641238171287605,32.12329223606849
458,2020-12-02,18857.417371118165,589.5818443540976,0.15621673213950765,0.6143821057518846,30.95347402705691
459,2020-12-03,19208.398191994624,598.760610095824,0.1589713044398139,0.6320169268594741,29.16206823389161
460,2020-12-04,19435.20484740911,616.506661565682,0.1640449778416628,0.6297547067388412,31.23600101808439
461,2020-12-05,18711.226549886927,571.1904316349736,0.14905487309269666,0.5585692385543637,28.323537434952385
462,2020-12-06,19139.111575237486,595.9194139680376,0.1595540768382783,0.5835748277615719,26.26323282766065
463,2020-12-07,19325.55411859109,601.9689349244918,0.15864407111439532,0.6188654468605732,26.79168755465958
464,2020-12-08,19198.806493935343,592.3865066820175,0.1541612220757159,0.6086984106196396,26.893938948659173
465,2020-12-09,18336.514581297808,554.329674302381,0.14134787188137238,0.5601848070615205,24.816200542365436
466,2020-12-10,18564.986455688137,573.8953091099941,0.14824925464106553,0.5835430243217834,23.858446096960066
467,2020-12-11,18262.058384653155,560.4542654076048,0.1421819715953808,0.5746631872358604,26.672396972929985
468,2020-12-12,18058.027339569555,545.9828352633687,0.139701439625223,0.5500897722415309,27.762978035532324
469,2020-12-13,18807.09540322016,568.3587534073821,0.14423279338740513,0.5050623854281705,28.37606777419007
470,2020-12-14,19151.13442340493,590.3244403029342,0.15385145330936753,0.510716060708318,28.590333033238007
471,2020-12-15,19259.97047153096,585.5418949360015,0.1577037017752295,0.4975904536440543,28.318817766435266
472,2020-12-16,19432.362456862407,589.0668316450424,0.15412399322845466,0.46902231358591695,28.096697946304417
473,2020-12-17,21317.66213678684,635.9618893796135,0.1676352256301242,0.5672060565944123,27.951131012641863
474,2020-12-18,22805.65580598891,644.0652701929779,0.16336554662335556,0.5759350877585054,27.871801252229435
475,2020-12-19,23120.57055156752,654.4204162965752,0.16497009597169981,0.5834703949502055,31.41657633388534
476,2020-12-20,23863.85484171969,659.3188076372094,0.16472587158747462,0.5791575282446899,32.252691819301624
477,2020-12-21,23518.31842054723,639.5154368778184,0.16204943128942723,0.5600658194601357,36.24876035531609
478,2020-12-22,22840.991707188354,610.4270278980672,0.15369140336200576,0.517176018717592,34.17251166927062
479,2020-12-23,23794.79330262859,634.9797234431858,0.15707978399473488,0.45132059419545256,33.27511835038949
480,2020-12-24,23308.12723217715,587.9588954992439,0.1384300242564514,0.26050698013612983,34.3401202664068
481,2020-12-25,23760.287048542956,612.8796570505974,0.15286836000591694,0.3448041215700403,35.90548260385135
482,2020-12-26,24671.107714415415,626.4567387784558,0.15734710950345682,0.31808441970115464,37.47983512479931
483,2020-12-27,26476.130137019492,636.7423171944997,0.15833088439062232,0.2953833439116206,39.53990291552664
484,2020-12-28,26423.22879190229,689.6598573269875,0.1549701235272453,0.28414724389132995,39.38262634342374
485,2020-12-29,27125.384120651503,732.9570292975275,0.1776971739574475,0.24613443432424192,37.66581962149719
486,2020-12-30,27424.538954606684,735.5908981625738,0.1928756629935067,0.22140743326587264,38.76250121094557
487,2020-12-31,28837.28852895899,752.8559324490188,0.18449303575089104,0.2120697554323437,40.66298980944724
488,2021-01-01,29022.41839530417,738.6169381520413,0.18207113290025115,0.22053451628880869,41.79949265382151
489,2021-01-02,29352.12679194895,730.1473402196374,0.17567857930628164,0.23743683484839662,41.19014957214054
490,2021-01-03,32163.824935335215,777.6960653039432,0.17818495253814118,0.22186998314414794,44.69284014294085
491,2021-01-04,33008.226203489285,967.0005967288458,0.20503724018152042,0.22563669593809668,44.06280236603161
492,2021-01-05,31515.575966658354,1025.6547675669035,0.2188884921904594,0.23461847392850627,53.67834815759493
493,2021-01-06,34082.20604904424,1103.3582516225742,0.2592124040314695,0.22669902564356462,62.27708029189766
494,2021-01-07,36933.520137309126,1208.5750928728885,0.33184097349646713,0.2523851552432814,64.30343710651606
495,2021-01-08,39547.08408135567,1229.4713150147782,0.3005428519135833,0.32539871330586934,74.0048019564342
496,2021-01-09,40815.96185478254,1223.7296883535275,0.30794772938923115,0.3215219169756062,73.04851676946942
497,2021-01-10,40296.5290038294,1282.979575527323,0.33306999365805395,0.3291685242044116,78.44870433277
498,2021-01-11,38397.895985418174,1267.7310031512136,0.306214441004005,0.31868717998893553,74.21792558317044
499,2021-01-12,35669.90668663349,1092.9143378806064,0.27651184814117397,0.29034525666307204,73.12559205921369
500,2021-01-13,33938.33587810088,1045.406815230412,0.287840175861167,0.2935698883632647,75.97033641124439
501,2021-01-14,37456.00772548642,1132.0155910164729,0.31134991468664336,0.3064999201536099,71.21280823557079
502,2021-01-15,39232.74997140346,1216.9147884634556,0.3101366394448269,0.29597695623648135,71.5109402153286
503,2021-01-16,36787.52121668496,1171.8600177046465,0.30257532244161894,0.2803368033210713,76.11361963601048
504,2021-01-17,36254.713079410845,1234.6318700828049,0.3522503951510311,0.2802087671576728,87.96820731391372
505,2021-01-18,35804.263885674685,1229.379698072007,0.37968796024672974,0.27704592201615647,97.06666833226845
506,2021-01-19,36595.4647692826,1255.976691513213,0.3696509940325456,0.2846371762289812,94.00977412300858
507,2021-01-20,36104.86385775514,1383.4840902277115,0.3693457419983242,0.2945111481648177,109.6467328393857
508,2021-01-21,35587.489202735545,1385.8529958752583,0.3763115739575005,0.29627784655251005,108.70637640163673
509,2021-01-22,30913.695736053804,1122.912432537305,0.311240182830754,0.2691929557994423,110.81781609465583
510,2021-01-23,32957.908782655926,1236.6834427536564,0.3511613639040078,0.27318647107900834,128.67418646306453
511,2021-01-24,32068.08737440817,1231.176379704471,0.3464554739144793,0.27142759423240986,146.35759448244343
512,2021-01-25,32273.51735032927,1392.5397634449737,0.35209629856051367,0.27359188165054465,139.59408991633026
513,2021-01-26,32375.320062981456,1323.4295031020106,0.3443612535369296,0.26866963018573875,142.13561416692806
514,2021-01-27,32582.10944502123,1355.233724240999,0.34389780984225143,0.26855552578611364,164.56092375980077
515,2021-01-28,30445.52586511351,1253.141671558609,0.3123153604650019,0.25189792881979306,173.31109531018657
516,2021-01-29,33128.34752861149,1328.773619066556,0.34463217359695725,0.26357876672093344,189.3444533132092
517,2021-01-30,34150.81876737221,1380.2842591352105,0.3475197098777403,0.282143162500032,188.2759415810392
518,2021-01-31,34199.51981036302,1372.427228964234,0.36048067269930434,0.43085343036345514,178.31957000068277
519,2021-02-01,33064.78676701507,1317.0474362291777,0.34567339342407216,0.4916478062400711,177.94240190335438
520,2021-02-02,33405.99035714327,1368.6644548123775,0.4014135429277523,0.37042380457272894,174.88132072034375
521,2021-02-03,35485.98593382442,1514.2251957516528,0.42529320536520604,0.3692716435922792,169.277346931387
522,2021-02-04,37494.71762460426,1661.000824367477,0.44121581461457365,0.39489144954001704,157.37799350381528
523,2021-02-05,36816.50808203406,1587.8008991859367,0.4415987967960127,0.4478312095296225,158.59633983839294
524,2021-02-06,38007.83222908396,1724.8569083393102,0.5385518589400373,0.4509005614736691,151.94834110204062
525,2021-02-07,39279.41286897885,1683.941297865053,0.62635697398072,0.44197733914916787,147.58433443491424
526,2021-02-08,38833.34026455532,1608.6405479857196,0.6594719394352474,0.41885852514751276,170.10982401213687
527,2021-02-09,46307.57412159395,1750.997553719215,0.6873068371578556,0.45357194589415123,153.326441718045
528,2021-02-10,46569.56483,1769.053533934599,0.7059190563060789,0.4725235786071262,133.36872474347524
529,2021-02-11,44848.69344950499,1739.164209004836,0.9239854497397343,0.5035045440234706,122.69238861731206
530,2021-02-12,47815.96175554316,1782.5088691218523,0.927712152275745,0.525723076120374,148.3293541912427
531,2021-02-13,47414.1862550079,1841.1977507032907,0.9232752043586164,0.6107211056165796,150.3896531797567
532,2021-02-14,46941.29208582354,1810.8425457323726,0.9039954754716988,0.6299175792014798,139.31414597542954
533,2021-02-15,48607.8745224845,1804.9841464366498,0.8503794813667799,0.5930532342085324,136.8354526288871
534,2021-02-16,47898.487027633135,1775.758351701864,0.8600617955345385,0.547923341309286,135.79593311002097
535,2021-02-17,49238.13690672487,1782.5753090505934,0.8746051613561255,0.5223534662432514,136.25952148124458
536,2021-02-18,52143.6788446198,1845.5739221567521,0.8887320746562535,0.5364850178225575,130.60489190775277
537,2021-02-19,51733.075539032034,1938.5694368074617,0.9127152054579659,0.5340092777515143,135.27916281520976
538,2021-02-20,56038.72775892988,1969.9797177628186,0.9331549494994794,0.570529085079073,141.1837464924982
539,2021-02-21,56377.63347790987,1929.367692879665,1.125679550953505,0.517678551092477,161.3740294980268
540,2021-02-22,57669.3035269179,1941.4267676797988,1.1045825826681024,0.550907164651171,169.20884384676515
541,2021-02-23,54410.85629451601,1788.6152102806425,1.1031371687829759,0.5759370730614737,172.855870204067
542,2021-02-24,48691.894831704405,1563.9246059011416,0.9557803324164977,0.4730045202749351,167.8779097499281
543,2021-02-25,49849.378713583144,1628.391533792655,1.0588493273684532,0.4716137861773422,164.36927639016088
544,2021-02-26,46992.665450048495,1468.8601037286776,1.0769141206846373,0.4322793325595881,154.09462360903782
545,2021-02-27,46551.48747675472,1450.988746804119,1.2450616886921637,0.4300942268493778,154.25988506624046
546,2021-02-28,46653.52639939581,1480.1295768477528,1.3428086739147602,0.44309358623258405,158.91461108327633
547,2021-03-01,44970.163459946736,1416.661552837565,1.3032197936512573,0.4138281135889511,157.3354214402797
548,2021-03-02,49787.33995949672,1570.3996896340539,1.3028526075622868,0.44788571035810554,147.69627281665322
549,2021-03-03,48532.23678981703,1497.0891042633873,1.228823419292327,0.4372064358385168,144.85910794492872
550,2021-03-04,50577.45746915202,1579.4271687603093,1.2196969639873494,0.4506482993644011,152.00078829875227
551,2021-03-05,48727.45120080115,1546.4996211167372,1.1178174311813185,0.4832646814050099,148.39205395880688
552,2021-03-06,49091.81488232977,1539.0484290947375,1.1647617398711405,0.4590497723869844,150.09136322362892
553,2021-03-07,49019.36859236582,1661.9279698998157,1.132986057016409,0.46397381121697406,162.9821748166483
554,2021-03-08,51313.09262027362,1727.463096224567,1.1368141994089112,0.4671623972512868,158.27370286236626
555,2021-03-09,52328.5359126325,1837.5330305439452,1.1233299872828357,0.475372981241661,159.86349202431006
556,2021-03-10,54700.273439277444,1869.3311016255,1.1887464492963455,0.4862369216972623,157.37532489090881
557,2021-03-11,56020.4877195857,1802.3110916881178,1.1354441106096025,0.46290611981693225,156.39068064885493
558,2021-03-12,57788.86810329514,1826.0574768119818,1.1282646217609689,0.45338655574763503,175.60195629220317
559,2021-03-13,57353.86147197248,1770.9361793697751,1.0366312750554578,0.4404437709987498,189.05931890382809
560,2021-03-14,61315.197932766816,1927.7207203999014,1.1022266932718396,0.46094646816105167,197.83389968834183
561,2021-03-15,59428.967566027764,1866.0715447008808,1.0647770640531313,0.4430734609001456,198.30695225047282
562,2021-03-16,55805.32924923426,1791.047851830107,1.0313636409049007,0.43733356541721274,203.16528895289179
563,2021-03-17,56830.253335076224,1808.5512173614395,1.2457256808694213,0.4610837639261478,211.19080150794161
564,2021-03-18,59014.92563205099,1828.7548332342565,1.3830039530574736,0.47353270436981887,199.75011389046043
565,2021-03-19,57922.40959262911,1780.1596459528505,1.2367141494244955,0.47236193099787394,183.54274956995576
566,2021-03-20,58243.27060892363,1817.1329628084297,1.3019540528542999,0.46873997633363473,195.08625966302498
567,2021-03-21,58376.15847137206,1817.8601431294944,1.20742530325912,0.5275777913982836,199.7845325480303
568,2021-03-22,57573.539344778685,1790.3780747526928,1.1892303146494605,0.5188056655394946,193.33785373845146
569,2021-03-23,54370.137557895185,1686.8911971580417,1.1068807388708692,0.5466715495213489,202.39144718715852
570,2021-03-24,54584.86994699455,1673.8591835627929,1.127048197620845,0.5539316085451409,203.81420779167425
571,2021-03-25,52526.86659704657,1581.631055931366,1.0614525089773315,0.48641604303514624,220.65381148740764
572,2021-03-26,51416.908304980054,1587.2979641585232,1.0970046944351481,0.5114260573573015,242.04614187434888
573,2021-03-27,55033.100480447036,1700.3668693581185,1.2125889914628833,0.5674371524314464,249.06288567609292
574,2021-03-28,55832.418109618324,1713.8378756834459,1.177853606059956,0.5478679445266175,237.88946143331174
575,2021-03-29,55728.10132780653,1689.0367982059097,1.1911259337144882,0.5508514715605831,259.23955828664066
576,2021-03-30,57634.92869447539,1817.626388088868,1.2009593992210437,0.5658188175083124,250.36479323196647
577,2021-03-31,58668.628336761,1840.294951985396,1.2113713624549767,0.5665694123161319,248.8224986641578
578,2021-04-01,58817.3738884188,1915.8325358462234,1.1921924669843982,0.5738184047382427,239.42042668071062
579,2021-04-02,58801.194843878126,1970.4711995232753,1.1834326364912569,0.5706176387429038,233.07366976619127
580,2021-04-03,59060.02678333801,2134.101788297294,1.190365048482589,0.6044974611582614,234.8643324134869
581,2021-04-04,57060.40665471088,2016.6672472930366,1.1657363156624991,0.577287680424983,229.39855731141944
582,2021-04-05,58228.802623466196,2077.755212422407,1.1834195167997104,0.6333526453068182,241.33480045995515
583,2021-04-06,58706.81559311396,2097.7963827792596,1.2138169649551138,0.9074547526990332,239.51447253719712
584,2021-04-07,58062.17872433649,2115.0554517461082,1.255331700688716,1.097633770923746,238.76462750446106
585,2021-04-08,56134.41738866435,1989.1480619041722,1.1771597102783828,0.9221401420253109,220.09764163324894
586,2021-04-09,58065.644024815316,2081.3540625398964,1.2299092109601504,1.050768096482137,219.10555534624334
587,2021-04-10,58152.993262141834,2069.6677960855295,1.2043891358213494,1.0249751336804138,195.0785065693146
588,2021-04-11,59979.39281571831,2142.7960653929085,1.2177235066359833,1.3712758232576907,215.83494421153327
589,2021-04-12,59988.02095852983,2150.2651427927744,1.2648247544248652,1.351951907269389,218.32939968667216
590,2021-04-13,59911.020594847316,2142.476275865736,1.3197904293394769,1.4634118897920012,232.44114562844396
591,2021-04-14,63576.676041048275,2304.3435163110134,1.4224471217489127,1.7878726912934242,216.39900684614148
592,2021-04-15,62807.12323259299,2429.6615277515734,1.4561052030119335,1.837676647316653,222.09815823221743
593,2021-04-16,63179.772446084695,2514.1684155812304,1.4780712966375846,1.7570907728716414,205.54865275061945
594,2021-04-17,61497.299569441195,2424.5538447081194,1.4124246290475462,1.5693489075445954,209.79215190984442
595,2021-04-18,60273.86667694734,2345.266962776132,1.3738415612752395,1.5483167850731618,192.14742617788187
596,2021-04-19,56288.94534001195,2245.7607533508544,1.2783030449596209,1.4107717923413052,192.13619982447634
597,2021-04-20,55721.166052695626,2168.032726735651,1.194858148474349,1.3148908238252734,200.46141949418416
598,2021-04-21,56294.728558586925,2324.2846872281943,1.2597323605466642,1.37713483282225,204.35042327956776
599,2021-04-22,54190.07026283405,2373.501344298211,1.2092168286239078,1.3067888710923214,208.705589094445
600,2021-04-23,51965.5664304852,2426.0711497906045,1.1491945493673954,1.1731372843894372,229.4487239706693
601,2021-04-24,51191.1246964079,2364.2312036020908,1.1566286917601423,1.1661328150232613,232.57222783967566
602,2021-04-25,50133.1073963654,2212.8437976342047,1.1110808206966274,1.0525470478085406,212.13388531266622
603,2021-04-26,48981.4413932161,2307.35532084471,1.0846330548696723,1.0348180008169663,200.94131044922477
604,2021-04-27,53978.80554728962,2532.3868028851084,1.2346524846888531,1.3602811624977584,196.56894708665507
605,2021-04-28,54991.81484262107,2647.158189660288,1.3051147413790254,1.4012503983945843,193.89173190285274
606,2021-04-29,54810.6138506792,2748.7845851218613,1.333556355988168,1.3622756938570046,190.37257114243482
607,2021-04-30,53596.70402266675,2757.497552304977,1.3151260010143138,1.3978073532674413,194.30116864643182
608,2021-05-01,57828.511814425874,2776.70371169874,1.353730164193398,1.592106469985735,181.75158018469773
609,2021-05-02,57812.96915967891,2944.9169473185057,1.3537288097536035,1.6541179641605637,169.46107045067666
610,2021-05-03,56600.74528738432,2953.2973480804735,1.3280888220098832,1.561172380895276,171.84456471947678
611,2021-05-04,57200.30029871162,3439.8550695192603,1.359142632925402,1.5572160443626692,173.73511343008292
612,2021-05-05,53464.37021950372,3245.663148933579,1.2779659806591444,1.387454800867085,155.08489768608015
613,2021-05-06,57432.100227087576,3524.562728476055,1.4802017889602712,1.6140228560739238,161.06018556882867
614,2021-05-07,56507.759439869595,3495.0758690360576,1.6581492633491175,1.6022779267397156,178.2619337658359
615,2021-05-08,57361.56904328887,3493.534500000208,1.651883984389271,1.5834040495790822,176.80558474391322
616,2021-05-09,58771.881689509355,3912.7429165968124,1.6160806488867332,1.5646144361837921,175.79063841353098
617,2021-05-10,58213.926293744385,3932.754068170969,1.7740322694519541,1.5331757649769135,182.9705669569821
618,2021-05-11,55901.66759456145,3979.6086519212827,1.6511431667688945,1.3997437570206521,179.93839883526266
619,2021-05-12,56928.97235660158,4182.790285752286,1.767170172938632,1.4766660629758201,174.37115871651199
620,2021-05-13,50004.76218313686,3906.108903329409,1.5682193343010113,1.2870709951618722,180.12601919521373
621,2021-05-14,49972.795398372444,3750.3415950592753,1.9425928379832862,1.359471149169653,178.57398150636655
622,2021-05-15,49913.26314398822,4088.73170832043,2.0084971185028992,1.4079242908866674,190.51215929842786
623,2021-05-16,46780.902304688214,3659.9218442136184,2.1709620318261655,1.476855373302116,190.4403687480951
624,2021-05-17,46585.06413538846,3602.0048969299023,2.286208576781481,1.459941089872939,193.28925387578548
625,2021-05-18,43780.82559782485,3288.2298872378637,2.03065787758286,1.4867235149958233,198.19740128641658
626,2021-05-19,43091.04144756922,3399.0492796569383,2.0127268590572336,1.5980937497920007,196.0391793952204
627,2021-05-20,37287.39140242737,2505.014945945662,1.5173694336333208,1.0857565408286391,178.29769922040717
628,2021-05-21,40437.73009625558,2778.279660560299,1.7936575361351923,1.1756440637168841,171.27231463236643
629,2021-05-22,37339.63420134628,2419.1032171150196,1.547123576365413,1.0004511919230625,172.50889438021562
630,2021-05-23,37520.31767547438,2306.371266867117,1.46893510816599,0.9073386931415942,170.1966082645718
631,2021-05-24,34977.527801962424,2120.0373745099428,1.32881807075249,0.800098165342829,178.88879762342907
632,2021-05-25,38642.4422973396,2640.1596323488234,1.543146196143331,0.985859021990727,176.32149989503122
633,2021-05-26,38210.80521759389,2695.4778071496326,1.5463792548176887,0.9692612688740199,170.57083886740085
634,2021-05-27,39406.934244116186,2882.483407624011,1.7772759637277098,1.0332068928012161,168.0394848714517
635,2021-05-28,38642.89555434217,2742.990862697615,1.6505212051376155,0.9715671557185841,155.71670664692078
636,2021-05-29,35710.220936529884,2433.328865728611,1.5153831388326355,0.8956220322743995,150.72362465772903
637,2021-05-30,34775.07941347281,2294.626285512794,1.4156847474142424,0.8344659624076278,136.6133086353095
638,2021-05-31,35714.75202018067,2395.8532280027384,1.576846577725261,0.9054699787114087,142.37691491093904
639,2021-06-01,37340.6792659422,2708.429865793973,1.7438235627778673,1.0414131362201615,140.97069019412947
640,2021-06-02,36680.06820180283,2632.6565998696506,1.7383409999107473,1.0113344632384653,135.98215275078118
641,2021-06-03,37685.71798174826,2717.1540367097723,1.7580638632608245,1.0250645299812036,140.2633692449685
642,2021-06-04,39151.316183800314,2858.27670209791,1.8410805442290892,1.0507204617977066,151.92225384391546
643,2021-06-05,36938.72031139185,2694.4976666790503,1.7101556197648238,0.9706847900041895,146.8991625118502
644,2021-06-06,35546.98596483364,2624.7689150594238,1.6590579060151422,0.9233783109950389,146.31283636345285
645,2021-06-07,35834.4744744042,2711.5479390111605,1.6806272700500997,0.941945875377369,147.70351003866236
646,2021-06-08,33451.38340714534,2580.5355800598445,1.553099912971366,0.8545223211275653,147.94236767494985
647,2021-06-09,33557.15068309184,2528.022300878691,1.5814104630520178,0.8757601965321159,140.0483723855377
648,2021-06-10,37553.64375851888,2620.6253893038547,1.6219127316031021,0.911214403091132,141.634144063378
649,2021-06-11,36903.304906778896,2486.600068788676,1.5319682068049147,0.8748163077058673,135.5936205367398
650,2021-06-12,37289.43252210222,2356.6347741896757,1.4373236110221328,0.8471675674249741,128.56948450207307
651,2021-06-13,35666.14977877309,2379.991747950219,1.4829614857601388,0.8350156355659321,111.77542786353777
652,2021-06-14,39147.70567879997,2517.771695525423,1.5668237245333339,0.8860264997320967,94.51541078123918
653,2021-06-15,40624.51305316154,2587.381610979154,1.5744303353837603,0.8928141249740629,99.69162217459098
654,2021-06-16,40378.20254971114,2561.1883309320033,1.5665343287257434,0.872464326158809,91.91541131637003
655,2021-06-17,38321.454656574206,2365.872786190649,1.4796210209140048,0.8358306490753268,95.09282864333939
656,2021-06-18,38193.619141943964,2380.744519633922,1.4874866373296805,0.8448349081677214,92.24801292004712
657,2021-06-19,35881.11137137543,2231.554315497782,1.419139968156482,0.7983270674267462,89.60158614183815
658,2021-06-20,35581.64226773201,2176.308536317709,1.390227052457961,0.761459550633087,91.42580267920562
659,2021-06-21,35787.07740523232,2251.5605593660407,1.4346691385403145,0.7770463247906351,96.17869128153504
660,2021-06-22,31711.935467727006,1900.1222998935382,1.1831495335156843,0.6186567449822078,93.40252902879779
661,2021-06-23,32507.738707026845,1875.3576944712033,1.147977647629035,0.5517693616839368,99.88984753621435
662,2021-06-24,33702.61779371396,1971.1059779809414,1.2483605486687026,0.6426176789007471,110.12732330616494
663,2021-06-25,34675.44910530336,1990.0761511910587,1.3566973909443236,0.6716012213547248,101.8292164519742
664,2021-06-26,31943.136467863093,1833.4631609981645,1.276922563262108,0.620105198108627,100.87832034717168
665,2021-06-27,32023.973901774916,1817.047665540675,1.248080657285364,0.611711687348678,112.48079518340074
666,2021-06-28,34607.293274083386,1973.9268648383472,1.3425243876590351,0.6507132008769695,114.33315412383556
667,2021-06-29,34556.8421269449,2087.5187237874175,1.3318537800819263,0.6488563939917608,115.2834781341491
668,2021-06-30,35968.993667970346,2169.400067865984,1.3712344901616829,0.706366183889607,117.67187313780884
669,2021-07-01,35171.486304850056,2279.354161419647,1.3851628348268006,0.6996532766642078,113.69745549618692
670,2021-07-02,33677.566235922626,2121.657900633364,1.337624786685416,0.6638724587724228,114.34358742446604
671,2021-07-03,33950.786555181,2157.880584866453,1.3950917178971345,0.6546725767914099,106.41810262178213
672,2021-07-04,34729.89077801021,2228.532398568573,1.4096155624434996,0.6747676923040596,96.46324431285534
673,2021-07-05,35394.213074080915,2329.004750998825,1.45668654476562,0.6968995104043215,95.70003429059713
674,2021-07-06,33928.13421837147,2217.3018530598792,1.4148843591874958,0.6590399913108745,93.36714504855237
675,2021-07-07,34149.98981477412,2320.6549288317,1.4136635303619376,0.6662899993882386,96.44224243421378
676,2021-07-08,33932.25463831538,2317.23694270242,1.4019197477829792,0.6530460312591974,104.85069673096622
677,2021-07-09,32933.578199292395,2126.4424673902267,1.3468246740938277,0.6247610645746885,101.95613259465958
678,2021-07-10,33971.297749757956,2156.5809569525845,1.3563414559246603,0.6424991973732445,93.4045235835354
679,2021-07-11,33704.53847440508,2123.0585974934124,1.3414118788967055,0.6287264607906748,90.10899056118771
680,2021-07-12,34299.938016517444,2144.0142572722566,1.3486761116535069,0.6385084267793238,91.60559213966147
681,2021-07-13,33262.6543524462,2042.4991866143628,1.3197392357531657,0.6336448787059497,90.80316641928688
682,2021-07-14,32676.38380096018,1944.3950166372085,1.264671768275158,0.6199605865682292,83.14387140523519
683,2021-07-15,32878.50187357147,1997.6633136705987,1.264296012589953,0.6227052156887538,86.57269722666857
684,2021-07-16,31726.038833909817,1910.7269516309964,1.2257252640796457,0.5967255195676217,85.26903088293193
685,2021-07-17,31399.653128682126,1874.2002496808186,1.17157289130684,0.5913725404424245,89.05132726925892
686,2021-07-18,31588.6713510167,1899.8427500663568,1.1759484192387804,0.5852641997905791,92.73641556746163
687,2021-07-19,31919.393922554555,1905.723382843169,1.1900065239474007,0.5897955823329759,90.10798522206623
688,2021-07-20,30928.211908849244,1824.929392091902,1.127989501793584,0.5601383605955838,85.56819666616444
689,2021-07-21,29971.903783612062,1794.973425186835,1.0600641556948065,0.5323514543433043,99.57917400308274
690,2021-07-22,32383.78112696872,2003.7239214521073,1.1763500815292975,0.5737055813634152,98.75845247572444
691,2021-07-23,32409.499767175417,2027.5334479167045,1.188191868090006,0.5950738476348508,100.78986523175992
692,2021-07-24,33455.55127272261,2117.154607794504,1.203239820067367,0.6094632044963907,95.55882629437178
693,2021-07-25,34213.59993217662,2183.627414557696,1.2307501718097118,0.6110446430727691,88.2451628518882
694,2021-07-26,35456.124660766836,2209.4993601030114,1.2351203934552801,0.6125591728144815,89.78895188514215
695,2021-07-27,37281.91809217662,2230.212067673471,1.2550594474349008,0.623983788986763,84.63923583859497
696,2021-07-28,39076.59377063225,2292.579636803809,1.2728403706064877,0.6422631283228032,82.06724918865827
697,2021-07-29,40031.19824444798,2299.689405936291,1.2840181960693164,0.7242550876175754,82.25360674455618
698,2021-07-30,39977.75693922764,2383.443259961735,1.2883957205235752,0.7497844962597139,88.185052838507
699,2021-07-31,41936.261478677225,2462.3999826480103,1.3060900930002883,0.7543775937140769,83.02500801904657
700,2021-08-01,41754.16660435275,2541.674599365905,1.3257156233777587,0.7502964501644548,80.69121367419427
701,2021-08-02,39914.82975848789,2555.408178513038,1.3116274121048137,0.7269649380557404,81.60999773356421
702,2021-08-03,39278.766508103676,2611.6730699481845,1.314092238745016,0.7416943188793625,78.99818199674436
703,2021-08-04,38368.35401197897,2521.268474889094,1.3697179207188233,0.7170384074303042,81.16870194524185
704,2021-08-05,39751.58457509862,2724.5322427136302,1.3781957776839509,0.7314367904089276,82.94439063872372
705,2021-08-06,40825.381940449704,2821.649692746136,1.385936279491975,0.734172412850372,87.84993508447106
706,2021-08-07,42802.13717474142,2888.7322742752317,1.4027984009150392,0.7458480786964081,87.96768776096062
707,2021-08-08,44647.57760300116,3151.2175169176753,1.4783359788246955,0.8163899784247708,89.90595375292516
708,2021-08-09,43753.217862646314,3012.3085592702105,1.4257873881828491,0.7812431839912185,92.40408532356939
709,2021-08-10,46311.00189857689,3163.0646551948857,1.477904560739093,0.8160049567711566,88.59618802144291
710,2021-08-11,45639.51401890709,3147.842995401753,1.676304667441845,0.8538180389687648,88.7701729513472
711,2021-08-12,45652.06012506926,3166.6472179679286,1.7986772452507245,1.0058872545464765,90.50413587116581
712,2021-08-13,44495.20979327958,3048.4126816864195,1.8076602778206021,0.9659471173643737,94.9197584526827
713,2021-08-14,47717.27052766495,3323.19799054098,2.1375385491756944,1.0882573655865535,102.1802283204168
714,2021-08-15,47088.85313451467,3268.5481770314927,2.19131066979564,1.2768123622747267,98.6467426834056
715,2021-08-16,47025.00323011282,3309.7549104132368,2.1672565731236513,1.2817798754722616,101.64121040495988
716,2021-08-17,46031.75754362583,3153.583683763619,2.079365370010542,1.1918799071113604,106.90984972476438
717,2021-08-18,44534.454854219905,3007.1440271712713,1.9222342258147989,1.0944855705972716,106.24001892236811
718,2021-08-19,45015.46554608543,3037.230251196439,2.1184219304391667,1.1558972500791076,111.74644646494659
719,2021-08-20,46745.03462296988,3144.8184367851927,2.292461499494057,1.1852489496278933,120.6985421756732
720,2021-08-21,49195.87860189616,3276.9698366433354,2.45572095050977,1.2584294715021178,122.76130420785864
721,2021-08-22,48933.689151311635,3224.0004601521537,2.441308584595027,1.2197381897444493,134.3709278834371
722,2021-08-23,49250.54486971799,3243.4863583537394,2.6628666921343758,1.2246487645120476,132.265543980239
723,2021-08-24,49518.57748790696,3320.4091697810586,2.9145023754369745,1.2487668631389008,136.6745408370863
724,2021-08-25,47940.6079149608,3177.6637963046905,2.7450346597346518,1.1458793612657157,132.34498367671756
725,2021-08-26,49002.70376627545,3231.4414517287996,2.7378837504908593,1.170876776871693,126.60568047767862
726,2021-08-27,47229.070650876114,3122.971797237849,2.580371935128425,1.0955133852336967,112.52902554657368
727,2021-08-28,49083.10330586219,3267.539434750998,2.93442218478271,1.1805811945514972,118.68839511414586
728,2021-08-29,48936.537254142204,3245.430222387629,2.8538529166605002,1.14848558655292,109.69148769667358
729,2021-08-30,48907.27073106221,3233.383151693551,2.8608650199858143,1.1440525854699375,113.00645605235755
730,2021-08-31,47124.25422469402,3232.7338632854617,2.729839087760661,1.106189235053155,112.17415972141916
731,2021-09-01,47335.42029920565,3440.5623358869034,2.785254233804498,1.191610433585163,99.4525253186753
732,2021-09-02,48823.05520964915,3790.6139962215557,2.863490759015673,1.2318568493947302,103.5030349870942
733,2021-09-03,49338.78465183332,3793.3007433464186,2.9649869383184746,1.2573255129034822,104.84447690095557
734,2021-09-04,49934.5282762881,3936.1633916244464,2.96707544958908,1.291252384471998,100.73923844736916
735,2021-09-05,50013.02994694588,3894.937511605067,2.8383566732607424,1.2532249149224715,101.34727865599696
736,2021-09-06,51696.206431317885,3950.270344526561,2.9111968759715467,1.2984832643777857,102.31192588830538
737,2021-09-07,52739.800166345514,3943.256785301908,2.84108679445392,1.3911304469034182,100.4425980848116
738,2021-09-08,46995.16417095979,3440.3417568365676,2.510399694165375,1.131348061182022,102.2653514381208
739,2021-09-09,46085.02861578186,3496.859022996073,2.4771529159609793,1.1056689280662244,108.54104696942882
740,2021-09-10,46518.94118660236,3435.97993265133,2.518800289012154,1.0912461914893277,105.5952606987279
741,2021-09-11,44802.60640249699,3209.915696090501,2.3770169255943054,1.0535526974723732,101.80288174581625
742,2021-09-12,45196.488277558245,3268.1041621348804,2.6135386010300583,1.0752209314359358,100.63914018210745
743,2021-09-13,46195.21830082935,3417.839366766938,2.5979163349567953,1.1169842609284972,100.76479327231522
744,2021-09-14,45139.83396873267,3301.186776828727,2.4157478253065485,1.068604148677846,99.17128671058997
745,2021-09-15,47135.43199562694,3425.2508733748823,2.399444430468812,1.096311313495669,101.29344264300205
746,2021-09-16,48186.53275704722,3595.9625714292315,2.4949058499577745,1.1188839268554256,95.71302246920415
747,2021-09-17,47879.47343992101,3573.3075160249905,2.426004302576369,1.090957634109528,98.3678448915887
748,2021-09-18,47228.65821623257,3412.177182421673,2.348934541047197,1.0676582584217478,98.00485093884978
749,2021-09-19,48266.62707279063,3427.58426153173,2.3733771309022615,1.0758127160149578,94.09484079716263
750,2021-09-20,47371.03933236471,3335.884886514119,2.29085435498536,1.0490216603570472,85.30298356157343
751,2021-09-21,42932.94659595412,2977.3226793404747,2.081224408192359,0.9219523462131592,89.73834617404604
752,2021-09-22,40386.62363528928,2744.1109995297,1.972181151410765,0.8667768999124397,87.6049851260926
753,2021-09-23,43587.22305058473,3074.119761245824,2.2403283932380824,0.9970202456951557,85.88113182978256
754,2021-09-24,44980.898214810935,3159.269865581771,2.326438198055506,1.000436281381362,92.82061835080546
755,2021-09-25,42752.1681545072,2930.7427060738946,2.271252028112571,0.9409389925960898,84.62182696838384
756,2021-09-26,42856.855164224515,2946.9708461401983,2.3119339934318064,0.9425529621409652,81.76031251495388
757,2021-09-27,43336.861233242744,3063.31634471348,2.212883779418014,0.945767340044055,79.1909801214645
758,2021-09-28,42247.355729006355,2939.742282853775,2.138878764396614,0.9227647628979543,74.92241129843457
759,2021-09-29,41010.37519836549,2798.9844172601042,2.037869326863658,0.898182776890135,63.59080375212239
760,2021-09-30,41587.66786232295,2855.6117305265157,2.0585266583728097,0.9281598600445693,66.73197492092409
761,2021-10-01,43859.32614724109,3013.4932320320772,2.1166519301521833,0.9529966405748881,50.32055764767889
762,2021-10-02,48181.87627260008,3305.107041443724,2.2467692592328996,1.041123216492475,44.64907159879217
763,2021-10-03,47777.762019063,3393.9242492696653,2.2472190210882728,1.0400949689546977,48.604749742620285
764,2021-10-04,48282.97113857447,3426.387080851377,2.2588385813642846,1.0558307110700278,52.53693016663614
765,2021-10-05,49260.232321130694,3390.310407759615,2.195095205424968,1.0437072356808659,58.845207179976505
766,2021-10-06,51668.99422435564,3520.3422566393974,2.237848940200704,1.085381037917221,53.64872755824407
767,2021-10-07,55415.00574202895,3592.1761295000256,2.2133070922060374,1.0783609291517349,57.41976646466422
768,2021-10-08,53894.59599452107,3594.918357967647,2.279964070864212,1.0689411075660604,49.76196637946705
769,2021-10-09,54010.93747374405,3558.549577083409,2.2306779663351755,1.0614650033600554,52.332264069475926
770,2021-10-10,55125.460337680444,3588.0809215501645,2.2694736192158076,1.164184622292562,49.58463231269403
771,2021-10-11,54711.86959664297,3431.0193069150096,2.196016203628428,1.1360668412266464,50.34352259407359
772,2021-10-12,57572.510855596534,3537.840087124068,2.1741154519846,1.1330371883980321,52.767400507738245
773,2021-10-13,56335.035460511535,3498.1052921206597,2.117958281981731,1.1014676454979804,49.12044024307904
774,2021-10-14,57487.985880422195,3605.6503342981764,2.189330534750954,1.128457291689578,49.636798974862586
775,2021-10-15,57452.43178503547,3794.516888224821,2.1744873109231877,1.1323296666545746,48.056134850350986
776,2021-10-16,61809.02394427028,3885.641764529699,2.2256475894093337,1.145759547685495,43.546922400599904
777,2021-10-17,61165.63564211521,3854.498461449342,2.187229098291846,1.1385957390003698,40.99753816385139
778,2021-10-18,61583.77443961336,3854.223686940845,2.1578227539239725,1.0925155626661034,44.46481243620848
779,2021-10-19,62017.972725178704,3752.61872738495,2.12842579799445,1.0812358492867855,44.92918554220565
780,2021-10-20,64517.64856042277,3884.5872952429017,2.115808715393755,1.0943871012139437,47.19388053427913
781,2021-10-21,66237.51755029388,4170.107932886265,2.193571636731407,1.1435470026599415,45.97177874707522
782,2021-10-22,62541.08693293518,4074.8601575202883,2.145293671880843,1.0929614739451723,40.24040840767166
783,2021-10-23,61029.27093182092,3990.711976433473,2.1655165443729016,1.0934905806691104,40.889861237118055
784,2021-10-24,61572.14043422243,4179.44229816945,2.174154973200162,1.095154986811329,38.27578860880165
785,2021-10-25,61173.1663907232,4094.9389934187225,2.12855152746846,1.0849136418505294,38.977511864594476
786,2021-10-26,63228.21382584213,4230.208371594039,2.152108188595917,1.0958283643026163,38.46322506754232
787,2021-10-27,60604.18888794746,4152.570288731245,2.1388228437474472,1.105727143387618,42.41060097547512
788,2021-10-28,58641.00147419492,3944.090861781322,1.923902863221468,0.996836752619904,39.54988117863195
789,2021-10-29,60767.55585206728,4288.09721878663,1.9946787201185678,1.0587801978680311,38.84247541383652
790,2021-10-30,62283.19805587354,4422.940535593754,2.0159917138188046,1.0834103873992738,39.968293957459224
791,2021-10-31,61837.257002978935,4324.6099257118785,1.9513562972176963,1.0758992453555496,37.08479689474987
792,2021-11-01,61471.86846276259,4292.04047236198,1.9667594590992787,1.1143882936902771,33.807388422050096
793,2021-11-02,61121.83120106507,4330.553151595248,1.9523314756266894,1.0934533521014969,30.743227017287673
794,2021-11-03,63247.20896127831,4596.59309058429,1.970655655473097,1.1366587277819378,28.19296638841233
795,2021-11-04,63130.94235171542,4607.699273078144,2.0675682387769276,1.2088823954696684,29.71678758953202
796,2021-11-05,61601.74357204975,4550.014435142697,1.9918734123237725,1.200913826990432,34.488080805614366
797,2021-11-06,61247.38494217787,4494.80276090967,1.9864686920482133,1.1622964291452975,30.07068349379034
798,2021-11-07,61661.35866372036,4527.104154150622,2.0096727657135287,1.1519973721059782,30.872720498925386
799,2021-11-08,63153.230193019495,4626.6292884486975,2.0271880103685707,1.219290185560037,31.81920871210764
800,2021-11-09,67617.0155448617,4815.004634322234,2.1276077543586864,1.287089052369683,34.19205503380821
801,2021-11-10,67145.37493537061,4742.08091060724,2.278046981720341,1.2617122958767892,35.469042360178356
802,2021-11-11,65061.05440696283,4641.528764849704,2.0970951137018767,1.1883132886401981,36.13937945011591
803,2021-11-12,65005.64515956679,4732.9244503493555,2.085168683429808,1.2176287356871103,34.23012589505999
804,2021-11-13,64432.04794734522,4685.10635551733,2.0567881449711227,1.1942130805718565,38.21182318782288
805,2021-11-14,64660.33535267343,4666.498498194288,2.0583309024471443,1.1936921583345361,42.477220280035226
806,2021-11-15,65648.97779110243,4652.947394238871,2.0513126157165504,1.1929348852566946,42.386373142046885
807,2021-11-16,63933.835442599324,4583.211418759011,2.025232183921643,1.1755600254518253,39.498441762282916
808,2021-11-17,60448.56251258625,4243.352906802173,1.8845361964738554,1.0966493653758616,38.50106935796682
809,2021-11-18,60603.65586738653,4302.804958962834,1.881436035207578,1.1004596250989471,35.326033591585926
810,2021-11-19,56987.32233855049,3993.846595161859,1.786410644989121,1.0375367096779058,33.91501146159494
811,2021-11-20,58459.25551667463,4317.603195646166,1.8724046156739576,1.0913054764142485,33.31459552878431
812,2021-11-21,60082.91166841709,4436.192766930451,1.9280607722403638,1.1003032895930926,33.03847781026744
813,2021-11-22,59139.779279527174,4319.361566856902,1.8543908922015795,1.069316317572408,33.42207503046209
814,2021-11-23,56386.856853152145,4101.062876490145,1.7775566656436455,1.0367725124482448,33.44782701859301
815,2021-11-24,57748.79317378856,4355.420957796475,1.7512785978033358,1.0666446242962693,36.77949394045729
816,2021-11-25,57198.18384629529,4269.437219728043,1.6688310351021263,1.0324344122101776,35.32196887460825
817,2021-11-26,58897.84698299794,4515.843300142739,1.6790577782821612,1.0425045005327793,37.09265792987144
818,2021-11-27,53827.792865034724,4048.3128440761725,1.5369875709284941,0.9395105333823327,38.546664352464504
819,2021-11-28,54533.40388242691,4084.0884856959556,1.5395503494825284,0.9410355855791527,38.594429443195615
820,2021-11-29,57237.66113709043,4290.091862536401,1.592574721411291,0.9667814783314153,38.06013313228005
821,2021-11-30,57848.77353712989,4444.528279821561,1.6034069099023303,0.9913792344534323,36.72673590110457
822,2021-12-01,57011.28047424234,4637.121616831405,1.554012306521199,0.9976494002579189,33.50915025006571
823,2021-12-02,57169.37199381056,4589.610617539151,1.5476591321157,0.9903099747669621,32.81893154431144
824,2021-12-03,56508.26805402271,4519.441028028784,1.714180025148258,0.9792298396544113,34.94649867641145
825,2021-12-04,53785.96717237922,4240.155516808957,1.562574478528866,0.9217083373410974,37.17597728466076
826,2021-12-05,49161.99070957517,4101.656791810778,1.4191239358110046,0.8432874106920727,37.44045111321192
827,2021-12-06,49268.46989053938,4198.572874562462,1.3759194384686666,0.8021016424347099,39.60146830743091
828,2021-12-07,50461.57683653979,4347.615630598069,1.4176556501197515,0.8241786091202077,38.62422664809307
829,2021-12-08,50647.66340635755,4310.566646424531,1.3843106130156138,0.8170006530986526,43.68127821391667
830,2021-12-09,50530.4580645934,4431.540647139759,1.3936063479928902,0.8604950737122439,44.92662577061741
831,2021-12-10,47885.871989417064,4153.333310724186,1.2989397181732933,0.8668183425176378,42.19129439126226
832,2021-12-11,47303.56415217411,3918.200743402953,1.2148656090353085,0.7987992644903693,43.18589352726285
833,2021-12-12,49242.302324071476,4079.814930569866,1.3471857981394848,0.8370445571139629,40.57509235571396
834,2021-12-13,50051.078348674855,4135.841510137412,1.3484020924530826,0.8398763961847019,40.12586568362252
835,2021-12-14,46696.30469946678,3782.8952622347147,1.2241788960308295,0.7815983218419756,40.98522629187172
836,2021-12-15,48410.564656309325,3858.1644681806974,1.2663034133024365,0.8113031482462705,36.70021199705349
837,2021-12-16,48936.86258244155,4015.72254331389,1.3122271887742145,0.8291672579272524,36.2281816493087
838,2021-12-17,47694.530502251764,3971.5597663421136,1.2451616665078393,0.8097740287353964,40.29544931385727
839,2021-12-18,46328.6963654447,3886.7473617182886,1.2223421022445387,0.8015706035608363,42.831212766381604
840,2021-12-19,46970.057050727024,3966.4253516705508,1.243826205655091,0.8298301709115998,42.13988872458668
841,2021-12-20,46807.04861642627,3928.8417238716206,1.2461505006330778,0.8360810885092015,43.80347390626749
842,2021-12-21,47117.008204210455,3950.4823919860964,1.2466720827696853,0.8870321270036085,42.48000309195332
843,2021-12-22,49145.21725849885,4036.549717813428,1.282908951955821,0.9505444057615736,41.70142770548663
844,2021-12-23,48755.89564404483,3992.5945766373156,1.3323293728380547,0.9581270482180488,40.21202813817764
845,2021-12-24,50900.61494951601,4113.529931874606,1.4783371040977,0.9961806163957586,38.634063074873644
846,2021-12-25,50888.72103678683,4055.1173669313243,1.397481594409191,0.9138028897022306,38.94463727964988
847,2021-12-26,50663.48710213215,4110.571870853741,1.4586640242200146,0.9278571385084833,40.496917469507096
848,2021-12-27,50852.860259540656,4075.03161894955,1.4577769531178388,0.9218739334180142,40.17551021431985
849,2021-12-28,50774.067814743,4045.051350119327,1.521303644682468,0.9281516465629353,40.646219845232366
850,2021-12-29,47725.14804631933,3807.3603674991996,1.4115805945435753,0.8579611972670144,42.156823142394586
851,2021-12-30,46506.99464767938,3644.405516878227,1.3377414145718223,0.8197794434093449,40.49015736455393
852,2021-12-31,47191.86838983951,3714.945456115339,1.3580495736019418,0.8404662013408024,42.295780396654315
853,2022-01-01,46319.65108805251,3686.4025423019352,1.3107198504184556,0.8313977181010497,42.75287041576665
854,2022-01-02,47816.07767640849,3780.315874327848,1.3784051988386994,0.8509994996615762,45.34052505434913
855,2022-01-03,47387.212167697246,3835.3959914939574,1.3795032561094718,0.8598583053581368,46.62762818566225
856,2022-01-04,46531.140860530526,3769.4049401148714,1.3239481300470195,0.8344733967743158,44.97769928373126
857,2022-01-05,45938.02427172366,3794.908130100449,1.3118426946813653,0.8251444343524369,43.902581229420576
858,2022-01-06,43647.147508068054,3556.9062274078738,1.239527837177041,0.7767865891534059,43.25208387360771
859,2022-01-07,43216.45867693359,3416.8260086159135,1.2796089958902161,0.7831224344196491,40.5562855378095
860,2022-01-08,41527.197042644846,3201.79457434796,1.2144893663815632,0.7644151449754191,39.618894866249
861,2022-01-09,41756.66232397826,3101.0409016141402,1.1886263321119366,0.7489659652322483,35.98979542858258
862,2022-01-10,41862.3609856517,3156.967262159481,1.1749797373767104,0.7557725172500546,35.23183017005089
863,2022-01-11,41869.85905559219,3086.7290024387257,1.1307224782864616,0.7410376946951257,36.53272408478192
864,2022-01-12,42777.211020482355,3246.413723028553,1.18667167026448,0.7727293031543855,35.48979518227352
865,2022-01-13,43981.87732717414,3378.0358951715943,1.3060435462054065,0.802594097494461,35.705064719424506
866,2022-01-14,42608.41001195019,3256.7588661330324,1.2367290015435137,0.7715666119046157,34.98161284031775
867,2022-01-15,43120.85451108056,3311.986061274383,1.291350930663094,0.7740444354801548,35.34736653928148
868,2022-01-16,43226.65026980921,3331.246655159985,1.2961904584039028,0.7826827626015643,31.78642232940313
869,2022-01-17,43119.79214308028,3356.2954438590405,1.4093051419997442,0.7794722307417731,31.639231915430067
870,2022-01-18,42298.341116872325,3216.592980619574,1.5892889271039394,0.7648336227276872,30.630708245633155
871,2022-01-19,42395.45879157343,3166.4539115046164,1.4708324109329853,0.7526063988170055,32.4676226051912
872,2022-01-20,41749.55143098559,3097.0214660626802,1.3427761925004427,0.739881066058622,31.460462070253442
873,2022-01-21,40707.6824143097,3015.588777543836,1.2605743103846896,0.7202016893369474,31.453501865317026
